{
  "id": "dd12a616d2a24cb0859b51fbcf2c7afd",
  "semantic_identifier": "4241400: Fix false positives for \u201cno next meeting scheduled\u201d stalled-deal rule",
  "title": null,
  "source": "gmail",
  "doc_updated_at": "2025-04-10",
  "metadata": {},
  "doc_metadata": null,
  "sections": [
    {
      "text": "Hi Isabella,\n\nI got ticket 4241400 assigned to me. I\u2019ll update the stalled-deal \u201cno next meeting scheduled\u201d rule to look across upcoming CRM events + calendar-linked meetings and ignore canceled/no-show events, then add unit/integration tests for reschedules, timezones, and missing event IDs.\n\nRough effort: ~1\u20132 days including tests.\n\n-Kevin",
      "link": "https://www.onyx.app/demo_files/gmail/dd12a616d2a24cb0859b51fbcf2c7afd/0"
    },
    {
      "text": "Thanks Kevin. Any risk this change impacts other sales_followup_recommendations signals or increases alert latency?",
      "link": "https://www.onyx.app/demo_files/gmail/dd12a616d2a24cb0859b51fbcf2c7afd/1"
    },
    {
      "text": "Low risk overall. I\u2019m planning to keep it scoped to the \u201cno next meeting scheduled\u201d evaluator and reuse existing event query paths, so other signals shouldn\u2019t change. Latency impact should be negligible (same sources, just broader filtering), and I\u2019ll add tests around edge cases to avoid regressions.\n\n-Kevin",
      "link": "https://www.onyx.app/demo_files/gmail/dd12a616d2a24cb0859b51fbcf2c7afd/2"
    }
  ],
  "primary_owners": [
    {
      "display_name": null,
      "first_name": "Kevin",
      "middle_initial": null,
      "last_name": "Sullivan",
      "email": "kevin_sullivan@netherite-extraction.onyx.app"
    },
    {
      "display_name": null,
      "first_name": "Isabella",
      "middle_initial": null,
      "last_name": "Torres",
      "email": "isabella_torres@netherite-extraction.onyx.app"
    }
  ],
  "secondary_owners": []
}