{
  "id": "b4bc260b465648f3a941c1acbeeb393a",
  "semantic_identifier": "4478665: Ingestion pipeline instrumentation plan",
  "title": null,
  "source": "gmail",
  "doc_updated_at": "2025-07-29",
  "metadata": {},
  "doc_metadata": null,
  "sections": [
    {
      "text": "Hi Javier,\n\nI\u2019ve been assigned ticket 4478665 (\u201cAdd ingestion pipeline instrumentation\u2026\u201d). I\u2019ll add end-to-end metrics/tracing across fetch \u2192 parse \u2192 dedupe/cluster \u2192 persist \u2192 downstream sync (latency, throughput, queue depth, error rates, and rough per-stage compute/DB cost), plus structured logs with correlation IDs. I\u2019ll also put together a basic dashboard and a few alert thresholds.\n\nRough effort: ~3\u20135 days including wiring, validation, and dashboard/alerts.\n\n-Tyler",
      "link": "https://www.onyx.app/demo_files/gmail/b4bc260b465648f3a941c1acbeeb393a/0"
    },
    {
      "text": "Thanks Tyler.\n\nAny dependencies or risk areas that could push this past the week?",
      "link": "https://www.onyx.app/demo_files/gmail/b4bc260b465648f3a941c1acbeeb393a/1"
    },
    {
      "text": "Main risks are (1) tracing propagation through downstream sync if it doesn\u2019t currently carry context, and (2) cost estimates requiring access to per-query/compute metrics from the DB/queue providers. If either isn\u2019t readily available, I\u2019ll still ship latency/throughput/error instrumentation and stub cost estimates behind a follow-up task.\n\n-Tyler",
      "link": "https://www.onyx.app/demo_files/gmail/b4bc260b465648f3a941c1acbeeb393a/2"
    }
  ],
  "primary_owners": [
    {
      "display_name": null,
      "first_name": "Tyler",
      "middle_initial": null,
      "last_name": "Jenkins",
      "email": "tyler_jenkins@netherite-extraction.onyx.app"
    },
    {
      "display_name": null,
      "first_name": "Javier",
      "middle_initial": null,
      "last_name": "Morales",
      "email": "javier_morales@netherite-extraction.onyx.app"
    }
  ],
  "secondary_owners": []
}