{
  "id": "8b5b72a65fa047d6ada889a208b81825",
  "semantic_identifier": "4797287: issue_clustering v2 per-product-area config + model selection",
  "title": null,
  "source": "gmail",
  "doc_updated_at": "2025-12-06",
  "metadata": {},
  "doc_metadata": null,
  "sections": [
    {
      "text": "Hi Isabella,\n\nI got ticket 4797287 assigned to me. It\u2019s to add a product-area\u2013scoped config layer for issue_clustering v2 (per-area embedding model/version, similarity threshold, min cluster size), route issues to the right config based on linked product area, and persist the config snapshot used for each clustering decision (with fallback to default when area is missing/misclassified).\n\nRough effort: ~3\u20135 engineering days including tests and rollout/guardrails.\n\nThanks,\nJason",
      "link": "https://www.onyx.app/demo_files/gmail/8b5b72a65fa047d6ada889a208b81825/0"
    },
    {
      "text": "Thanks, Jason. Any data migration or backfill needed for existing clustered issues to support the audit snapshot requirement?",
      "link": "https://www.onyx.app/demo_files/gmail/8b5b72a65fa047d6ada889a208b81825/1"
    },
    {
      "text": "No migration/backfill needed. I\u2019m planning to persist the config snapshot only for new clustering decisions going forward; existing records will continue to reference the default/global behavior until they\u2019re re-clustered.\n\nJason",
      "link": "https://www.onyx.app/demo_files/gmail/8b5b72a65fa047d6ada889a208b81825/2"
    }
  ],
  "primary_owners": [
    {
      "display_name": null,
      "first_name": "Jason",
      "middle_initial": null,
      "last_name": "Morris",
      "email": "jason_morris@netherite-extraction.onyx.app"
    },
    {
      "display_name": null,
      "first_name": "Isabella",
      "middle_initial": null,
      "last_name": "Torres",
      "email": "isabella_torres@netherite-extraction.onyx.app"
    }
  ],
  "secondary_owners": []
}