{
  "id": "0c9174d9d5b34b69bed25955594d141f",
  "semantic_identifier": "6799195: issue_history v2 ownership fields + assignment events",
  "title": null,
  "source": "gmail",
  "doc_updated_at": "2025-07-13",
  "metadata": {},
  "doc_metadata": null,
  "sections": [
    {
      "text": "Hi Javier,\n\nI got ticket 6799195 assigned to me. It\u2019s to extend issue_history v2 to add explicit ownership fields (current owner/team/assignee source) and to persist ownership changes as timeline events, including assignments coming from Linear/Jira and manual triage.\n\nRough estimate: ~3\u20134 days to implement model + ingestion updates and add query/display support, assuming no major backfill surprises.\n\n- Tyler",
      "link": "https://www.onyx.app/demo_files/gmail/0c9174d9d5b34b69bed25955594d141f/0"
    },
    {
      "text": "Thanks Tyler.\n\nDo you expect any migration/backfill risk for existing issue_history v2 records, or can we ship this forward-only?",
      "link": "https://www.onyx.app/demo_files/gmail/0c9174d9d5b34b69bed25955594d141f/1"
    },
    {
      "text": "I think we can ship forward-only (new fields nullable, new event types additive) and avoid backfill for now. The main risk is downstream consumers assuming ownership is always present; I\u2019ll coordinate with the API/query layer to keep defaults stable and gate any UI display on field presence.\n\n- Tyler",
      "link": "https://www.onyx.app/demo_files/gmail/0c9174d9d5b34b69bed25955594d141f/2"
    }
  ],
  "primary_owners": [
    {
      "display_name": null,
      "first_name": "Tyler",
      "middle_initial": null,
      "last_name": "Jenkins",
      "email": "tyler_jenkins@netherite-extraction.onyx.app"
    },
    {
      "display_name": null,
      "first_name": "Javier",
      "middle_initial": null,
      "last_name": "Morales",
      "email": "javier_morales@netherite-extraction.onyx.app"
    }
  ],
  "secondary_owners": []
}