{
  "id": "7fd16e4052a04fc39b859ed723960370",
  "semantic_identifier": "7466777 - CSV import mapping/type coercion fix",
  "title": null,
  "source": "gmail",
  "doc_updated_at": "2025-05-02",
  "metadata": {},
  "doc_metadata": null,
  "sections": [
    {
      "text": "Hi Javier,\n\nI got ticket 7466777 assigned to me. It covers fixing CSV import mapping/type coercion for fit_estimation so numeric fields don\u2019t get treated as strings/booleans, mappings are validated, and we surface row-level errors instead of silently defaulting. Also need to ensure the scoring service consumes the normalized values.\n\nRough effort: ~2\u20133 days including tests and a small backfill/verification on a sample import.\n\n-Andre",
      "link": "https://www.onyx.app/demo_files/gmail/7fd16e4052a04fc39b859ed723960370/0"
    },
    {
      "text": "Thanks Andre. Any dependencies or rollout risk we should plan for (e.g., will this change results for existing customers)?",
      "link": "https://www.onyx.app/demo_files/gmail/7fd16e4052a04fc39b859ed723960370/1"
    },
    {
      "text": "Main dependency is coordinating with the scoring service contract to confirm expected normalized types (I can verify quickly with the service owner). Rollout risk: this may change fit scores for imports that were previously being coerced/mapped incorrectly; I\u2019ll add logging/metrics and gate with a feature flag, plus clear row-level errors so customers see what changed rather than getting silent defaults.\n\n-Andre",
      "link": "https://www.onyx.app/demo_files/gmail/7fd16e4052a04fc39b859ed723960370/2"
    }
  ],
  "primary_owners": [
    {
      "display_name": null,
      "first_name": "Andre",
      "middle_initial": null,
      "last_name": "Robinson",
      "email": "andre_robinson@netherite-extraction.onyx.app"
    },
    {
      "display_name": null,
      "first_name": "Javier",
      "middle_initial": null,
      "last_name": "Morales",
      "email": "javier_morales@netherite-extraction.onyx.app"
    }
  ],
  "secondary_owners": []
}