{
  "id": "f69aaa3cf40645b9a87a4422395ac2df",
  "semantic_identifier": "9108592 \u2014 batching + backpressure controls for ingestion pipeline",
  "title": null,
  "source": "gmail",
  "doc_updated_at": "2025-06-29",
  "metadata": {},
  "doc_metadata": null,
  "sections": [
    {
      "text": "Hi Javier,\n\nI\u2019ve been assigned ticket 9108592 (Implement batching + backpressure controls in ingestion pipeline). I\u2019ll add configurable batch sizing + concurrency limits across fetch/parse/dedupe/persist, and introduce backpressure based on queue depth/retry rates (pause/resume sources) to prevent backlog blowups during large backfills, while keeping idempotency intact.\n\nRough estimate: ~4\u20136 days including instrumentation and a small soak test.\n\n-Tyler",
      "link": "https://www.onyx.app/demo_files/gmail/f69aaa3cf40645b9a87a4422395ac2df/0"
    },
    {
      "text": "Thanks Tyler. What\u2019s your plan to roll this out safely and avoid impacting throughput for existing customers?",
      "link": "https://www.onyx.app/demo_files/gmail/f69aaa3cf40645b9a87a4422395ac2df/1"
    },
    {
      "text": "I\u2019ll ship it behind a feature flag with conservative defaults (no behavior change initially), enable metrics/alerts (queue depth, retry rate, DB write latency), then ramp up per-environment and per-source, with an easy rollback by disabling the flag.\n\n-Tyler",
      "link": "https://www.onyx.app/demo_files/gmail/f69aaa3cf40645b9a87a4422395ac2df/2"
    }
  ],
  "primary_owners": [
    {
      "display_name": null,
      "first_name": "Tyler",
      "middle_initial": null,
      "last_name": "Jenkins",
      "email": "tyler_jenkins@netherite-extraction.onyx.app"
    },
    {
      "display_name": null,
      "first_name": "Javier",
      "middle_initial": null,
      "last_name": "Morales",
      "email": "javier_morales@netherite-extraction.onyx.app"
    }
  ],
  "secondary_owners": []
}