{
  "id": "1a3bac9ec6f749719231234c3ec502a8",
  "semantic_identifier": "9168559: Stabilize semantic clustering on re-ingest",
  "title": null,
  "source": "gmail",
  "doc_updated_at": "2025-05-16",
  "metadata": {},
  "doc_metadata": null,
  "sections": [
    {
      "text": "Got ticket 9168559 assigned to me. It\u2019s about making semantic clustering deterministic across re-ingestion so we don\u2019t create duplicate clusters/themes for the same underlying issue. I\u2019m planning to normalize inputs, pin embedding/versioning, add idempotent create/update logic for clusters, and add a regression test that replays the same conversations twice and asserts identical cluster IDs/membership. Rough estimate: 2\u20133 days including test coverage.",
      "link": "https://www.onyx.app/demo_files/gmail/1a3bac9ec6f749719231234c3ec502a8/0"
    },
    {
      "text": "Thanks Andre. Any rollout risk here\u2014do we need a backfill or migration to reconcile existing duplicate clusters?",
      "link": "https://www.onyx.app/demo_files/gmail/1a3bac9ec6f749719231234c3ec502a8/1"
    },
    {
      "text": "Main risk is existing duplicated clusters remaining in the data; the change will prevent new forks on re-ingest but won\u2019t automatically merge past duplicates. If PM wants cleanup, we can scope a separate one-time backfill/merge job; otherwise this can ship as a forward-fix without a migration.",
      "link": "https://www.onyx.app/demo_files/gmail/1a3bac9ec6f749719231234c3ec502a8/2"
    }
  ],
  "primary_owners": [
    {
      "display_name": null,
      "first_name": "Andre",
      "middle_initial": null,
      "last_name": "Robinson",
      "email": "andre_robinson@netherite-extraction.onyx.app"
    },
    {
      "display_name": null,
      "first_name": "Javier",
      "middle_initial": null,
      "last_name": "Morales",
      "email": "javier_morales@netherite-extraction.onyx.app"
    }
  ],
  "secondary_owners": []
}