{
  "id": "10850cc60d77425ba7927df74b053f8f",
  "semantic_identifier": "9961506: Issue prioritization v2 UI work",
  "title": null,
  "source": "gmail",
  "doc_updated_at": "2025-09-05",
  "metadata": {},
  "doc_metadata": null,
  "sections": [
    {
      "text": "Hi Javier,\n\nI got ticket 9961506 assigned to me (Issue prioritization v2: UI for scoring profile selection + tuning controls). I\u2019ll add the UI to select an org/user scoring profile, adjust per-dimension weights (SLA risk, Product impact, Sales deal blockers), and show per-dimension + aggregated scores in the issue list and detail views. I\u2019ll wire it up to the saved profiles APIs from GOLD-166 and make sure the default behavior matches today when no profile is selected.\n\nRough effort: ~3\u20135 days depending on design/edge cases and API integration details.\n\nThanks,\nAndre",
      "link": "https://www.onyx.app/demo_files/gmail/10850cc60d77425ba7927df74b053f8f/0"
    },
    {
      "text": "Thanks Andre.\n\nAny notable risks/dependencies that could push this past the week?",
      "link": "https://www.onyx.app/demo_files/gmail/10850cc60d77425ba7927df74b053f8f/1"
    },
    {
      "text": "Main dependencies are (1) GOLD-166 endpoints being stable (list/apply/update semantics and shape of per-dimension scores) and (2) final UX details for how tuning controls persist (auto-save vs explicit save/apply). If those are settled early, I don\u2019t expect it to spill beyond the week.\n\nAndre",
      "link": "https://www.onyx.app/demo_files/gmail/10850cc60d77425ba7927df74b053f8f/2"
    }
  ],
  "primary_owners": [
    {
      "display_name": null,
      "first_name": "Andre",
      "middle_initial": null,
      "last_name": "Robinson",
      "email": "andre_robinson@netherite-extraction.onyx.app"
    },
    {
      "display_name": null,
      "first_name": "Javier",
      "middle_initial": null,
      "last_name": "Morales",
      "email": "javier_morales@netherite-extraction.onyx.app"
    }
  ],
  "secondary_owners": []
}