{
  "id": "f9439b206d21455fb51f79d927dc7d3a",
  "semantic_identifier": "DriftEvent persistence + internal API (Ticket 4454617)",
  "title": null,
  "source": "gmail",
  "doc_updated_at": "2025-10-26",
  "metadata": {},
  "doc_metadata": null,
  "sections": [
    {
      "text": "Hi Javier,\n\nI got assigned ticket 4454617. I\u2019ll implement a durable DriftEvent record when GOLD-125 flags drift, capturing model name/version, time window, triggering metrics/thresholds, affected segments (ICP tier/industry/region), plus a snapshot pointer (query params or dataset ID). I\u2019ll also expose it via an internal API for triage.\n\nRough effort: ~2\u20133 days engineering + time for review/testing.\n\nThanks,\nBrooke",
      "link": "https://www.onyx.app/demo_files/gmail/f9439b206d21455fb51f79d927dc7d3a/0"
    },
    {
      "text": "Thanks Brooke. Any dependencies or risks that could stretch this past the sprint (e.g., schema changes, data availability, API auth)?",
      "link": "https://www.onyx.app/demo_files/gmail/f9439b206d21455fb51f79d927dc7d3a/1"
    },
    {
      "text": "Main dependency is confirming the exact segment taxonomy and snapshot pointer format (dataset ID vs query params) with PM/data. Schema change is straightforward, but we\u2019ll need a migration + backfill decision (likely no backfill). API will stay internal behind existing service auth, so low risk there.\n\nBrooke",
      "link": "https://www.onyx.app/demo_files/gmail/f9439b206d21455fb51f79d927dc7d3a/2"
    }
  ],
  "primary_owners": [
    {
      "display_name": null,
      "first_name": "Brooke",
      "middle_initial": null,
      "last_name": "Spencer",
      "email": "brooke_spencer@netherite-extraction.onyx.app"
    },
    {
      "display_name": null,
      "first_name": "Javier",
      "middle_initial": null,
      "last_name": "Morales",
      "email": "javier_morales@netherite-extraction.onyx.app"
    }
  ],
  "secondary_owners": []
}