{
  "id": "7a6a84fbfbfc4a8aaa2c0a1632d7a673",
  "semantic_identifier": "Fit Score UI: data sufficiency warnings (Ticket 6731734)",
  "title": null,
  "source": "gmail",
  "doc_updated_at": "2025-05-23",
  "metadata": {},
  "doc_metadata": null,
  "sections": [
    {
      "text": "Hi Javier,\n\nI got ticket 6731734 assigned to me (\u201cDisplay data sufficiency warnings and confidence cues in Fit Score UI\u201d). I\u2019ll wire the existing backend diagnostics (sample size, recency, coverage) into the UI and add a \u201cLimited data\u201d state + compact summary/tooltip across segment list, segment detail, and exports/screenshots where applicable.\n\nRough effort: ~2\u20133 engineering days depending on export/screenshot parity.\n\nThanks,\nJiwon",
      "link": "https://www.onyx.app/demo_files/gmail/7a6a84fbfbfc4a8aaa2c0a1632d7a673/0"
    },
    {
      "text": "Hi Jiwon,\n\nThanks. Any major risks or dependencies we should flag (e.g., design copy, export pipeline changes, or backend fields missing in some endpoints)?\n\nJavier",
      "link": "https://www.onyx.app/demo_files/gmail/7a6a84fbfbfc4a8aaa2c0a1632d7a673/1"
    },
    {
      "text": "Hi Javier,\n\nMain dependencies: confirming exact thresholds + tooltip/modal copy (PM/design), and verifying the diagnostics fields are available on every endpoint used by segment list/detail and exports. The only risk is exports/screenshots if they use a separate render path; I\u2019ll check early and call out any gaps.\n\nJiwon",
      "link": "https://www.onyx.app/demo_files/gmail/7a6a84fbfbfc4a8aaa2c0a1632d7a673/2"
    }
  ],
  "primary_owners": [
    {
      "display_name": null,
      "first_name": "Jiwon",
      "middle_initial": null,
      "last_name": "Kang",
      "email": "jiwon_kang@netherite-extraction.onyx.app"
    },
    {
      "display_name": null,
      "first_name": "Javier",
      "middle_initial": null,
      "last_name": "Morales",
      "email": "javier_morales@netherite-extraction.onyx.app"
    }
  ],
  "secondary_owners": []
}