{
  "id": "a930b9a5bf7a4ed8bef6de5778fa5231",
  "semantic_identifier": "Impact reporting UI: segment source-of-truth + mismatch warnings (1455754)",
  "title": null,
  "source": "gmail",
  "doc_updated_at": "2025-09-21",
  "metadata": {},
  "doc_metadata": null,
  "sections": [
    {
      "text": "Hi Isabella,\n\nI got ticket 1455754 assigned to me. It covers updating impact-reporting API responses and the UI to show the canonical segment id/name plus the source-of-truth system, and adding a warning state when segments are unmapped/unknown/mismatched (including preventing totals from blending across conflicting definitions). Also includes a small tooltip/label linking to the segment mapping entry.\n\nRoughly 2\u20134 days depending on how much wiring is needed in the Issue Tracker response layer and UI components.\n\nThanks,\nJason",
      "link": "https://www.onyx.app/demo_files/gmail/a930b9a5bf7a4ed8bef6de5778fa5231/0"
    },
    {
      "text": "Thanks Jason. Any notable risks or dependencies that could push this past mid-week?",
      "link": "https://www.onyx.app/demo_files/gmail/a930b9a5bf7a4ed8bef6de5778fa5231/1"
    },
    {
      "text": "Main dependencies are the canonicalization layer fields being available/consistent in the impact-reporting response (per GOLD-180) and having a stable link target for the segment mapping entry. If either isn\u2019t already exposed, I\u2019ll need a small backend change and a quick alignment with the owning team, which could add ~1\u20132 days; otherwise mid-week is reasonable.\n\nJason",
      "link": "https://www.onyx.app/demo_files/gmail/a930b9a5bf7a4ed8bef6de5778fa5231/2"
    }
  ],
  "primary_owners": [
    {
      "display_name": null,
      "first_name": "Jason",
      "middle_initial": null,
      "last_name": "Morris",
      "email": "jason_morris@netherite-extraction.onyx.app"
    },
    {
      "display_name": null,
      "first_name": "Isabella",
      "middle_initial": null,
      "last_name": "Torres",
      "email": "isabella_torres@netherite-extraction.onyx.app"
    }
  ],
  "secondary_owners": []
}