{
  "id": "1c330599f6dd4e8294f52daeba61e940",
  "semantic_identifier": "Ticket 4802727: Upstream sync (Jira/Linear create + update)",
  "title": null,
  "source": "gmail",
  "doc_updated_at": "2025-04-04",
  "metadata": {},
  "doc_metadata": null,
  "sections": [
    {
      "text": "Hi Isabella,\n\nI got assigned ticket 4802727. I\u2019ll implement upstream sync so an Issue Tracker issue/theme can create a Jira/Linear issue and then push updates (title/description/priority/labels/customer impact summary/backlinks), including storing/displaying the external key/URL with a stable mapping. Also planning for idempotent updates and clear handling of missing permissions/invalid projects.\n\nRough estimate: ~4\u20136 days including testing and error cases.\n\nThanks,\nKevin",
      "link": "https://www.onyx.app/demo_files/gmail/1c330599f6dd4e8294f52daeba61e940/0"
    },
    {
      "text": "Thanks Kevin. What\u2019s the main risk area here, and do we need any additional coordination with the Jira/Linear integration owners before you start?",
      "link": "https://www.onyx.app/demo_files/gmail/1c330599f6dd4e8294f52daeba61e940/1"
    },
    {
      "text": "Main risks are idempotency/mapping (avoiding duplicate external issues on retries) and permissions/project validation differences between Jira vs Linear.\n\nI\u2019ll coordinate up front with the integration owners to confirm API semantics for create vs update, required scopes, and error codes we should surface, then proceed.\n\nKevin",
      "link": "https://www.onyx.app/demo_files/gmail/1c330599f6dd4e8294f52daeba61e940/2"
    }
  ],
  "primary_owners": [
    {
      "display_name": null,
      "first_name": "Kevin",
      "middle_initial": null,
      "last_name": "Sullivan",
      "email": "kevin_sullivan@netherite-extraction.onyx.app"
    },
    {
      "display_name": null,
      "first_name": "Isabella",
      "middle_initial": null,
      "last_name": "Torres",
      "email": "isabella_torres@netherite-extraction.onyx.app"
    }
  ],
  "secondary_owners": []
}