{
  "id": "ec9800407b8446bdad76e7075629da51",
  "semantic_identifier": "Ticket 5110921: Exclude unmapped lifecycle records from forecasting + analytics",
  "title": null,
  "source": "gmail",
  "doc_updated_at": "2025-06-21",
  "metadata": {},
  "doc_metadata": null,
  "sections": [
    {
      "text": "Hi Javier,\n\nI got ticket 5110921 assigned to me. I\u2019ll update the forecasting + lifecycle analytics aggregations to only use canonical lifecycle values and drop records flagged with lifecycle mapping errors, so we don\u2019t fall back to raw CRM stage names. I\u2019ll also add a few regression tests with mixed mapped/unmapped inputs.\n\nRoughly 2\u20133 days of effort, depending on how many aggregation paths reference the fallback behavior.\n\nThanks,\nJiwon",
      "link": "https://www.onyx.app/demo_files/gmail/ec9800407b8446bdad76e7075629da51/0"
    },
    {
      "text": "Thanks Jiwon. Any notable risk or dependency that could push this beyond 3 days?",
      "link": "https://www.onyx.app/demo_files/gmail/ec9800407b8446bdad76e7075629da51/1"
    },
    {
      "text": "Main risk is hidden consumers of the raw-stage fallback (e.g., older rollup queries or downstream dashboards) that may rely on current behavior; I\u2019ll grep for usage and validate with a quick before/after check on key metrics. No major external dependencies unless we discover we need an update to the lifecycle mapping error flagging logic upstream.",
      "link": "https://www.onyx.app/demo_files/gmail/ec9800407b8446bdad76e7075629da51/2"
    }
  ],
  "primary_owners": [
    {
      "display_name": null,
      "first_name": "Jiwon",
      "middle_initial": null,
      "last_name": "Kang",
      "email": "jiwon_kang@netherite-extraction.onyx.app"
    },
    {
      "display_name": null,
      "first_name": "Javier",
      "middle_initial": null,
      "last_name": "Morales",
      "email": "javier_morales@netherite-extraction.onyx.app"
    }
  ],
  "secondary_owners": []
}