{
  "id": "5bbd8bc9ade04066aa583279149ae798",
  "semantic_identifier": "Ticket 4260247: conflict detection for positioning recs",
  "title": null,
  "source": "gmail",
  "doc_updated_at": "2025-07-22",
  "metadata": {},
  "doc_metadata": null,
  "sections": [
    {
      "text": "Got ticket 4260247 assigned to me. I\u2019ll implement backend conflict detection for positioning recommendations across segments: define canonical recommendation categories, add a simple rule-based contradiction model to flag conflicts at generation time, and persist conflict metadata (segments/fields/statements) for the UI to surface later. Rough estimate: ~2\u20133 days including tests and plumbing.",
      "link": "https://www.onyx.app/demo_files/gmail/5bbd8bc9ade04066aa583279149ae798/0"
    },
    {
      "text": "Thanks. Do you see any major integration risk with the current generation pipeline, or can this be added without touching the model prompt layer?",
      "link": "https://www.onyx.app/demo_files/gmail/5bbd8bc9ade04066aa583279149ae798/1"
    },
    {
      "text": "Should be low risk and mostly post-processing\u2014add a validation step after generation and before persistence. We shouldn\u2019t need to change prompts; we\u2019ll just normalize into canonical categories and run the contradiction rules on the generated outputs. If we hit edge cases, we can add lightweight heuristics without touching the LLM config.",
      "link": "https://www.onyx.app/demo_files/gmail/5bbd8bc9ade04066aa583279149ae798/2"
    }
  ],
  "primary_owners": [
    {
      "display_name": null,
      "first_name": "Ryan",
      "middle_initial": null,
      "last_name": "Murphy",
      "email": "ryan_murphy@netherite-extraction.onyx.app"
    },
    {
      "display_name": null,
      "first_name": "Isabella",
      "middle_initial": null,
      "last_name": "Torres",
      "email": "isabella_torres@netherite-extraction.onyx.app"
    }
  ],
  "secondary_owners": []
}