{
  "id": "43b30a16056c45318e7173c09ec1d607",
  "semantic_identifier": "Ticket 4886073 - Versioned positioning blocks support in Sales Accelerator",
  "title": null,
  "source": "gmail",
  "doc_updated_at": "2025-06-11",
  "metadata": {},
  "doc_metadata": null,
  "sections": [
    {
      "text": "Hi Javier,\n\nI got assigned ticket 4886073. I\u2019ll add support for ingesting/storing Customer Analyzer positioning blocks with version metadata (version id, published timestamp, author/source), and update Sales Accelerator so it references a specific published version (not \u201clatest\u201d) when generating recs/messaging. I\u2019ll also surface those fields in internal logs/telemetry for auditability.\n\nRough effort: ~2\u20133 days dev + testing, assuming the CA payload already includes the needed version fields.\n\nThanks,\nTyler",
      "link": "https://www.onyx.app/demo_files/gmail/43b30a16056c45318e7173c09ec1d607/0"
    },
    {
      "text": "Thanks Tyler.\n\nAny expected risks or dependencies that could push this past 3 days?",
      "link": "https://www.onyx.app/demo_files/gmail/43b30a16056c45318e7173c09ec1d607/1"
    },
    {
      "text": "Main dependency is Customer Analyzer consistently sending the version fields (and us having a stable identifier for \u201cpublished version\u201d). If that\u2019s already in the payload, low risk; if not, we may need coordination/changes on their side, which could add a few days.\n\nTyler",
      "link": "https://www.onyx.app/demo_files/gmail/43b30a16056c45318e7173c09ec1d607/2"
    }
  ],
  "primary_owners": [
    {
      "display_name": null,
      "first_name": "Tyler",
      "middle_initial": null,
      "last_name": "Jenkins",
      "email": "tyler_jenkins@netherite-extraction.onyx.app"
    },
    {
      "display_name": null,
      "first_name": "Javier",
      "middle_initial": null,
      "last_name": "Morales",
      "email": "javier_morales@netherite-extraction.onyx.app"
    }
  ],
  "secondary_owners": []
}