{
  "id": "cb8c6cc77d7340fab1f01b9a9596bba9",
  "semantic_identifier": "Ticket 1734005: Messaging divergence UI + alerting",
  "title": null,
  "source": "gmail",
  "doc_updated_at": "2025-10-18",
  "metadata": {},
  "doc_metadata": null,
  "sections": [
    {
      "text": "Hi Javier,\n\nI got ticket 1734005 assigned to me. It covers adding a small UI surface in Customer Analyzer to show the messaging consistency audit results by segment/channel (divergence score + missing/altered value props/differentiators/proof points), plus threshold-based Slack/email alerts when divergence exceeds a configurable limit with a link into the relevant detail view.\n\nRough effort: ~3\u20135 engineering days depending on how cleanly the GOLD-48 results are available via API and what wiring we need for the alerting integration.\n\nThanks,\nAndre",
      "link": "https://www.onyx.app/demo_files/gmail/cb8c6cc77d7340fab1f01b9a9596bba9/0"
    },
    {
      "text": "Thanks, Andre.\n\nDo you see any dependencies or risks that could push this beyond the week (e.g., needing backend changes for the GOLD-48 results or new Slack/email infrastructure)?",
      "link": "https://www.onyx.app/demo_files/gmail/cb8c6cc77d7340fab1f01b9a9596bba9/1"
    },
    {
      "text": "Main risks are around data access and wiring:\n\n- If GOLD-48 results aren\u2019t already exposed in a stable endpoint (or don\u2019t include the per-segment/channel \u201cmissing/altered\u201d details), we may need a small backend addition to surface that.\n- Alerting: if we can reuse our existing notifications pipeline (Slack webhook + email service) it\u2019s straightforward; otherwise standing up a new path could add a couple days.\n\nI\u2019ll confirm API availability and which alerting mechanism we can reuse today and will flag if anything looks like it will slip.\n\nAndre",
      "link": "https://www.onyx.app/demo_files/gmail/cb8c6cc77d7340fab1f01b9a9596bba9/2"
    },
    {
      "text": "Perfect\u2014please proceed and let me know if the API/alerting reuse doesn\u2019t pan out.",
      "link": "https://www.onyx.app/demo_files/gmail/cb8c6cc77d7340fab1f01b9a9596bba9/3"
    }
  ],
  "primary_owners": [
    {
      "display_name": null,
      "first_name": "Andre",
      "middle_initial": null,
      "last_name": "Robinson",
      "email": "andre_robinson@netherite-extraction.onyx.app"
    },
    {
      "display_name": null,
      "first_name": "Javier",
      "middle_initial": null,
      "last_name": "Morales",
      "email": "javier_morales@netherite-extraction.onyx.app"
    }
  ],
  "secondary_owners": []
}