{
  "id": "7c5c0c6b34d94c04ac313e70c2e32714",
  "semantic_identifier": "Ticket 1944164 \u2014 Approved messaging enforcement for draft generation",
  "title": null,
  "source": "gmail",
  "doc_updated_at": "2025-12-12",
  "metadata": {},
  "doc_metadata": null,
  "sections": [
    {
      "text": "Hi Javier,\n\nI\u2019ve been assigned ticket 1944164 (Customer Analyzer v2: enforce \u201capproved messaging only\u201d in Sales Accelerator draft generation). I\u2019ll update the draft generation pipeline to only use approved messaging blocks for the active messaging version, and return a structured \u201cblocked\u201d response when the record is alignment_failed or there are no approved blocks. I\u2019ll make sure this is enforced for both initiation and follow-up draft endpoints.\n\nRough effort: ~2\u20133 days including tests and verifying the UI contract.\n\nThanks,\nBrooke",
      "link": "https://www.onyx.app/demo_files/gmail/7c5c0c6b34d94c04ac313e70c2e32714/0"
    },
    {
      "text": "Thanks, Brooke. Any risk this changes the UI behavior in a way that could break draft creation flows, and do we need coordination with the frontend team?",
      "link": "https://www.onyx.app/demo_files/gmail/7c5c0c6b34d94c04ac313e70c2e32714/1"
    },
    {
      "text": "It will change behavior in the blocked cases (alignment_failed or no approved blocks) where we currently may still generate a draft; instead we\u2019ll return the structured \u201cblocked\u201d response. I\u2019ll confirm the response shape matches what the UI expects and flag frontend if they need to handle any new status/fields, but the happy path should be unchanged.\n\nBrooke",
      "link": "https://www.onyx.app/demo_files/gmail/7c5c0c6b34d94c04ac313e70c2e32714/2"
    }
  ],
  "primary_owners": [
    {
      "display_name": null,
      "first_name": "Brooke",
      "middle_initial": null,
      "last_name": "Spencer",
      "email": "brooke_spencer@netherite-extraction.onyx.app"
    },
    {
      "display_name": null,
      "first_name": "Javier",
      "middle_initial": null,
      "last_name": "Morales",
      "email": "javier_morales@netherite-extraction.onyx.app"
    }
  ],
  "secondary_owners": []
}