{
  "id": "8123f75195344601965764f9660c4b80",
  "semantic_identifier": "Ticket 5702769 - Inbound sync for Jira/Linear updates",
  "title": null,
  "source": "gmail",
  "doc_updated_at": "2025-05-05",
  "metadata": {},
  "doc_metadata": null,
  "sections": [
    {
      "text": "Hi Javier,\n\nI got assigned ticket 5702769 (inbound sync: ingest Jira/Linear issue updates into our Issue Tracker issue object). I\u2019ll implement the polling-based downstream sync for mapped fields (status/state, priority, title, labels, assignee), persist last_synced_at + external updated_at for incremental/idempotent processing, and add logging/alerting for permission or missing-issue errors without breaking the link.\n\nRough effort: ~3\u20135 days including testing and rollout.\n\nThanks,\nBrooke",
      "link": "https://www.onyx.app/demo_files/gmail/8123f75195344601965764f9660c4b80/0"
    },
    {
      "text": "Thanks Brooke \u2014 sounds good. Any notable risks or dependencies that could push this past the 3\u20135 day estimate?",
      "link": "https://www.onyx.app/demo_files/gmail/8123f75195344601965764f9660c4b80/1"
    },
    {
      "text": "Main risks are API rate limits/pagination behavior (especially Jira) and edge cases around partial field mappings to avoid overwrites. No major cross-team dependencies; I\u2019ll need confirm access to Jira/Linear API creds in staging and prod, and I\u2019ll add conservative backoff + monitoring to keep it stable.",
      "link": "https://www.onyx.app/demo_files/gmail/8123f75195344601965764f9660c4b80/2"
    }
  ],
  "primary_owners": [
    {
      "display_name": null,
      "first_name": "Brooke",
      "middle_initial": null,
      "last_name": "Spencer",
      "email": "brooke_spencer@netherite-extraction.onyx.app"
    },
    {
      "display_name": null,
      "first_name": "Javier",
      "middle_initial": null,
      "last_name": "Morales",
      "email": "javier_morales@netherite-extraction.onyx.app"
    }
  ],
  "secondary_owners": []
}