{
  "id": "5eac02cdfc3a4eefa867e8126bde9412",
  "semantic_identifier": "Ticket 5610633 \u2014 Success Metric definition for Fit Score",
  "title": null,
  "source": "gmail",
  "doc_updated_at": "2025-06-05",
  "metadata": {},
  "doc_metadata": null,
  "sections": [
    {
      "text": "Hi Isabella,\n\nI got ticket 5610633 assigned to me. It covers adding a required \u201cSuccess Metric\u201d field (with optional weighting across multiple metrics) to the segment/model Fit Score configuration, persisting it with the model version, and surfacing it in the UI alongside the Fit Score so the objective is explicit and auditable.\n\nRough effort: ~2\u20133 days including schema/config changes, API updates, UI work, and a small backfill/migration.\n\nThanks,\nKevin",
      "link": "https://www.onyx.app/demo_files/gmail/5eac02cdfc3a4eefa867e8126bde9412/0"
    },
    {
      "text": "Thanks, Kevin. Any notable risks or dependencies we should plan around?",
      "link": "https://www.onyx.app/demo_files/gmail/5eac02cdfc3a4eefa867e8126bde9412/1"
    },
    {
      "text": "Main dependencies are product/analytics confirming the allowed metric set and how weights should validate/sum. Biggest risk is migrating existing models/configs\u2014plan is a default/required selection for new configs and a safe backfill for existing versions so we don\u2019t break reads.\n\n-Kevin",
      "link": "https://www.onyx.app/demo_files/gmail/5eac02cdfc3a4eefa867e8126bde9412/2"
    }
  ],
  "primary_owners": [
    {
      "display_name": null,
      "first_name": "Kevin",
      "middle_initial": null,
      "last_name": "Sullivan",
      "email": "kevin_sullivan@netherite-extraction.onyx.app"
    },
    {
      "display_name": null,
      "first_name": "Isabella",
      "middle_initial": null,
      "last_name": "Torres",
      "email": "isabella_torres@netherite-extraction.onyx.app"
    }
  ],
  "secondary_owners": []
}