{
  "id": "883890eaa5944313b1c671236c9181a8",
  "semantic_identifier": "Ticket 2838408: closed-loop telemetry ingestion + persistence",
  "title": null,
  "source": "gmail",
  "doc_updated_at": "2025-11-20",
  "metadata": {},
  "doc_metadata": null,
  "sections": [
    {
      "text": "Hi Javier,\n\nI got ticket 2838408 assigned to me (Ingest + persist closed-loop learning telemetry with attribution keys). I\u2019ll implement the ingestion endpoint, validate events against the GOLD-106 canonical schema, and persist them with the joinable attribution keys (recommendation_instance_id, CRM/account/opportunity IDs, segment/rep/motion). I\u2019ll also add minimal observability (invalid counters, ingest latency, and drop/error logs) while keeping this non-blocking for core recommendation workflows.\n\nRough effort: ~3\u20135 days depending on schema edge cases and storage/indexing needs.\n\nThanks,\nBrooke",
      "link": "https://www.onyx.app/demo_files/gmail/883890eaa5944313b1c671236c9181a8/0"
    },
    {
      "text": "Thanks, Brooke.\n\nAny risk this ingestion path could introduce latency or failures into the core recommendation workflow, and how will you keep it isolated?",
      "link": "https://www.onyx.app/demo_files/gmail/883890eaa5944313b1c671236c9181a8/1"
    },
    {
      "text": "Good question.\n\nI\u2019ll keep it isolated by making the endpoint and persistence path independent from the recommendation request path (no synchronous dependency). Ingest will do lightweight validation and then write to durable storage; failures will be contained to the ingest endpoint (logged + counters) and won\u2019t propagate to recommendation serving.\n\n-Brooke",
      "link": "https://www.onyx.app/demo_files/gmail/883890eaa5944313b1c671236c9181a8/2"
    }
  ],
  "primary_owners": [
    {
      "display_name": null,
      "first_name": "Brooke",
      "middle_initial": null,
      "last_name": "Spencer",
      "email": "brooke_spencer@netherite-extraction.onyx.app"
    },
    {
      "display_name": null,
      "first_name": "Javier",
      "middle_initial": null,
      "last_name": "Morales",
      "email": "javier_morales@netherite-extraction.onyx.app"
    }
  ],
  "secondary_owners": []
}