{
  "id": "b4135937ced84f90af53423f74dabe2e",
  "semantic_identifier": "Ticket 5887997 \u2014 Webhook notifications for approved asset publish/update",
  "title": null,
  "source": "gmail",
  "doc_updated_at": "2025-12-13",
  "metadata": {},
  "doc_metadata": null,
  "sections": [
    {
      "text": "Hi Isabella,\n\nGot ticket 5887997 and it\u2019s assigned to me. I\u2019ll implement outbound webhooks for Messaging Library assets when they transition to Approved and when an already-approved asset is updated (new version). Payload will include asset_id, external_id, asset_version, approved_at/updated_at, plus a minimal summary; also adding signing (shared secret), retries, and dead-letter logging for failed deliveries.\n\nRough estimate: 3\u20135 days including tests and a small config surface for destinations/secrets.\n\nThanks,\nKevin",
      "link": "https://www.onyx.app/demo_files/gmail/b4135937ced84f90af53423f74dabe2e/0"
    },
    {
      "text": "Thanks Kevin. Quick question: are there any new config/ops pieces we need to plan for (e.g., per-tenant webhook endpoints/secrets), or can this ship with our existing config and logging setup?",
      "link": "https://www.onyx.app/demo_files/gmail/b4135937ced84f90af53423f74dabe2e/1"
    },
    {
      "text": "We can ship using existing config/logging: store webhook destinations + shared secrets in the current tenant settings store, emit delivery attempts/failures into existing structured logs, and write dead-letter entries to our current DLQ/failed-jobs table. No new infra, just a couple new settings keys and dashboards/alerts wired to existing metrics.\n\nKevin",
      "link": "https://www.onyx.app/demo_files/gmail/b4135937ced84f90af53423f74dabe2e/2"
    }
  ],
  "primary_owners": [
    {
      "display_name": null,
      "first_name": "Kevin",
      "middle_initial": null,
      "last_name": "Sullivan",
      "email": "kevin_sullivan@netherite-extraction.onyx.app"
    },
    {
      "display_name": null,
      "first_name": "Isabella",
      "middle_initial": null,
      "last_name": "Torres",
      "email": "isabella_torres@netherite-extraction.onyx.app"
    }
  ],
  "secondary_owners": []
}