{
  "id": "7fb285dfdbf9475f83066f6819b20be3",
  "semantic_identifier": "Ticket 1984957 \u2013 Audit trail for AI-generated content lifecycle",
  "title": null,
  "source": "gmail",
  "doc_updated_at": "2025-09-26",
  "metadata": {},
  "doc_metadata": null,
  "sections": [
    {
      "text": "Hi Javier,\n\nI\u2019ve been assigned ticket 1984957 (Add audit trail for AI-generated content lifecycle). I\u2019ll implement server-side, immutable audit logging for AI-generated artifacts (emails, call notes, NBA recommendations) across generate/view/edit/export/delete, including actor/timestamp/artifact + account/oppty context, and before/after diffs for edits. Logs will be queryable for Sales Ops/Admin and retained independent of RBAC/UI gating.\n\nRough effort: ~1\u20132 weeks depending on how much existing event instrumentation we can reuse and any schema/index work needed for querying.\n\nThanks,\nAndre",
      "link": "https://www.onyx.app/demo_files/gmail/7fb285dfdbf9475f83066f6819b20be3/0"
    },
    {
      "text": "Thanks Andre. What\u2019s your confidence on the 1\u20132 week estimate, and what\u2019s the biggest risk/unknown?",
      "link": "https://www.onyx.app/demo_files/gmail/7fb285dfdbf9475f83066f6819b20be3/1"
    },
    {
      "text": "Moderate confidence (~70%). Biggest unknown is how many event sources we need to hook (UI + API paths across those artifact types) and whether we need a new diffing approach for call notes vs emails/NBA; once we confirm instrumentation points and diff format, the rest is mostly plumbing + indexes/retention.\n\nAndre",
      "link": "https://www.onyx.app/demo_files/gmail/7fb285dfdbf9475f83066f6819b20be3/2"
    }
  ],
  "primary_owners": [
    {
      "display_name": null,
      "first_name": "Andre",
      "middle_initial": null,
      "last_name": "Robinson",
      "email": "andre_robinson@netherite-extraction.onyx.app"
    },
    {
      "display_name": null,
      "first_name": "Javier",
      "middle_initial": null,
      "last_name": "Morales",
      "email": "javier_morales@netherite-extraction.onyx.app"
    }
  ],
  "secondary_owners": []
}