{
  "id": "6d97c59de9834d87a3d7e36c2549a816",
  "semantic_identifier": "Ticket 5342257 - Confidence bands refresh with scenario/horizon changes",
  "title": null,
  "source": "gmail",
  "doc_updated_at": "2025-10-18",
  "metadata": {},
  "doc_metadata": null,
  "sections": [
    {
      "text": "Hi Javier,\n\nI got ticket 5342257 assigned to me (Fix confidence bands not refreshing/aligning with selected forecast scenario). I\u2019m going to trace why P10/P50/P90 bands aren\u2019t recomputing on scenario switch / horizon change, make sure the bands re-render in sync with totals/segments, and add a regression test for scenario switch + horizon change.\n\nRough effort: ~1\u20132 days depending on where the state/cache issue is.\n\nThanks,\nJiwon",
      "link": "https://www.onyx.app/demo_files/gmail/6d97c59de9834d87a3d7e36c2549a816/0"
    },
    {
      "text": "Thanks, Jiwon.\n\nAny risk this touches shared chart state in a way that could affect other views, and do you expect any coordination with QA?",
      "link": "https://www.onyx.app/demo_files/gmail/6d97c59de9834d87a3d7e36c2549a816/1"
    },
    {
      "text": "It likely touches the shared forecast chart selector/state plumbing, so there\u2019s some risk of ripple effects, but I\u2019ll keep the change scoped to confidence band recompute triggers and add the regression test to cover the main paths.\n\nQA-wise, I don\u2019t think we need special coordination beyond a quick sanity pass on scenario switching in the forecast page once it\u2019s in staging.\n\nThanks,\nJiwon",
      "link": "https://www.onyx.app/demo_files/gmail/6d97c59de9834d87a3d7e36c2549a816/2"
    }
  ],
  "primary_owners": [
    {
      "display_name": null,
      "first_name": "Jiwon",
      "middle_initial": null,
      "last_name": "Kang",
      "email": "jiwon_kang@netherite-extraction.onyx.app"
    },
    {
      "display_name": null,
      "first_name": "Javier",
      "middle_initial": null,
      "last_name": "Morales",
      "email": "javier_morales@netherite-extraction.onyx.app"
    }
  ],
  "secondary_owners": []
}