{
  "id": "33f1e219549b44438ffd46089a2334a3",
  "semantic_identifier": "Ticket 8373264: multilingual normalization + embeddings for issue_clustering v2",
  "title": null,
  "source": "gmail",
  "doc_updated_at": "2026-01-15",
  "metadata": {},
  "doc_metadata": null,
  "sections": [
    {
      "text": "Hi Javier,\n\nI got ticket 8373264 assigned to me (issue_clustering v2: multilingual normalization + embeddings). I\u2019ll add language detection on ingestion, route text through a multilingual embedding/normalization pipeline for cross-language clustering, and persist language + original + normalized/translated text for audit/auditability and search. I\u2019ll also add basic eval checks to ensure cross-language issues co-cluster without hurting English-only quality.\n\nRoughly 1\u20132 weeks of work, depending on how much wiring we need into the existing clustering inputs and eval harness.\n\nThanks,\nAndre",
      "link": "https://www.onyx.app/demo_files/gmail/33f1e219549b44438ffd46089a2334a3/0"
    },
    {
      "text": "Thanks Andre. Do you anticipate any new dependencies or infra costs (e.g., translation/embedding services) that we should flag early?",
      "link": "https://www.onyx.app/demo_files/gmail/33f1e219549b44438ffd46089a2334a3/1"
    },
    {
      "text": "Yes\u2014likely a multilingual embedding model/service, which may have incremental compute/API cost. I\u2019ll start by checking what we already have in-platform (existing embeddings stack) and prefer an in-house model if available; otherwise I\u2019ll propose the minimal external dependency with an estimate once I have volume/latency data.\n\nAndre",
      "link": "https://www.onyx.app/demo_files/gmail/33f1e219549b44438ffd46089a2334a3/2"
    },
    {
      "text": "Sounds good\u2014please send the dependency/cost note once you\u2019ve confirmed the option.",
      "link": "https://www.onyx.app/demo_files/gmail/33f1e219549b44438ffd46089a2334a3/3"
    }
  ],
  "primary_owners": [
    {
      "display_name": null,
      "first_name": "Andre",
      "middle_initial": null,
      "last_name": "Robinson",
      "email": "andre_robinson@netherite-extraction.onyx.app"
    },
    {
      "display_name": null,
      "first_name": "Javier",
      "middle_initial": null,
      "last_name": "Morales",
      "email": "javier_morales@netherite-extraction.onyx.app"
    }
  ],
  "secondary_owners": []
}