{
  "id": "6ea1248d3f5c4f259fe3e3ffb5cc0d41",
  "semantic_identifier": "Ticket 6535505 \u2014 Diagnostics for missing/invalid Customer Analyzer inputs",
  "title": null,
  "source": "gmail",
  "doc_updated_at": "2025-04-06",
  "metadata": {},
  "doc_metadata": null,
  "sections": [
    {
      "text": "Got ticket 6535505 assigned to me. I\u2019ll add render-time diagnostics in sales initiation recommendations to detect/log missing/invalid Customer Analyzer inputs (fit score, segment, positioning block), plus a feature-flagged debug tooltip/payload showing fields used vs fallbacks, and basic metrics for fallback rate. I think this is ~2\u20133 days including testing and rollout wiring.",
      "link": "https://www.onyx.app/demo_files/gmail/6ea1248d3f5c4f259fe3e3ffb5cc0d41/0"
    },
    {
      "text": "Thanks Ryan. Any risk this adds noise/perf impact in the recommendations render path, and can we keep it safe behind a flag?",
      "link": "https://www.onyx.app/demo_files/gmail/6ea1248d3f5c4f259fe3e3ffb5cc0d41/1"
    },
    {
      "text": "Yes\u2014I'll keep the tooltip/payload and any verbose logging behind a feature flag, and make the instrumentation lightweight (single structured event + counter metrics). Should be negligible perf impact; I\u2019ll also sample logs if needed.",
      "link": "https://www.onyx.app/demo_files/gmail/6ea1248d3f5c4f259fe3e3ffb5cc0d41/2"
    },
    {
      "text": "Perfect\u2014go ahead.",
      "link": "https://www.onyx.app/demo_files/gmail/6ea1248d3f5c4f259fe3e3ffb5cc0d41/3"
    }
  ],
  "primary_owners": [
    {
      "display_name": null,
      "first_name": "Ryan",
      "middle_initial": null,
      "last_name": "Murphy",
      "email": "ryan_murphy@netherite-extraction.onyx.app"
    },
    {
      "display_name": null,
      "first_name": "Isabella",
      "middle_initial": null,
      "last_name": "Torres",
      "email": "isabella_torres@netherite-extraction.onyx.app"
    }
  ],
  "secondary_owners": []
}