{
  "id": "97bb326b3dbe42b390d9136e53d186f5",
  "semantic_identifier": "Ticket 6310904 - Published-only positioning enforcement for Sales Accelerator",
  "title": null,
  "source": "gmail",
  "doc_updated_at": "2025-08-14",
  "metadata": {},
  "doc_metadata": null,
  "sections": [
    {
      "text": "Hi Javier,\n\nI got assigned ticket 6310904 (Enforce published-only positioning usage in Sales Accelerator). I\u2019ll add server-side validation so SA only uses published/approved positioning versions, return a structured error when the pinned version is missing/unpublished, and update the UI to show the pinned version + a clear \u201crequest Marketing to publish\u201d blocking state instead of silently switching.\n\nRough effort: ~2\u20133 days (API validation/error contract + UI updates), assuming no surprises in how pinned versions are currently stored/retrieved.\n\n-Andre",
      "link": "https://www.onyx.app/demo_files/gmail/97bb326b3dbe42b390d9136e53d186f5/0"
    },
    {
      "text": "Thanks, Andre.\n\nDo you see any rollout risk here (e.g., existing customers currently relying on draft/unversioned payloads)?",
      "link": "https://www.onyx.app/demo_files/gmail/97bb326b3dbe42b390d9136e53d186f5/1"
    },
    {
      "text": "Main risk is we\u2019ll start hard-blocking flows that currently \u201cwork\u201d by falling back to draft/unversioned content. I\u2019ll add logging/metrics on the new validation failures and coordinate with PM to confirm expected behavior, then roll out behind a feature flag for a staged enablement.\n\n-Andre",
      "link": "https://www.onyx.app/demo_files/gmail/97bb326b3dbe42b390d9136e53d186f5/2"
    }
  ],
  "primary_owners": [
    {
      "display_name": null,
      "first_name": "Andre",
      "middle_initial": null,
      "last_name": "Robinson",
      "email": "andre_robinson@netherite-extraction.onyx.app"
    },
    {
      "display_name": null,
      "first_name": "Javier",
      "middle_initial": null,
      "last_name": "Morales",
      "email": "javier_morales@netherite-extraction.onyx.app"
    }
  ],
  "secondary_owners": []
}