{
  "id": "3684fc827c3747228ea969495fefa7f9",
  "semantic_identifier": "Ticket 3800892 - Sales Accelerator v2 priority boost",
  "title": null,
  "source": "gmail",
  "doc_updated_at": "2025-12-04",
  "metadata": {},
  "doc_metadata": null,
  "sections": [
    {
      "text": "Hi Isabella,\n\nI got ticket 3800892 assigned to me. I\u2019ll add deterministic priority-boost logic based on the persisted deal-risk context (risk score, stage, ARR, impacted deal count), with clear weights/thresholds and caps so we don\u2019t override critical manual priority. I\u2019ll also emit an audit note on the issue and add metrics/logging for boosts applied vs skipped (e.g., missing/invalid context).\n\nRoughly 2\u20133 days engineering effort plus a bit of time to validate thresholds with PM.\n\nThanks,\nKevin",
      "link": "https://www.onyx.app/demo_files/gmail/3684fc827c3747228ea969495fefa7f9/0"
    },
    {
      "text": "Thanks Kevin\u2014sounds good. Can you confirm whether this needs a feature flag / gradual rollout, or are we comfortable shipping it enabled by default?",
      "link": "https://www.onyx.app/demo_files/gmail/3684fc827c3747228ea969495fefa7f9/1"
    },
    {
      "text": "Good question. I\u2019d recommend a feature flag: ship with it off by default, enable for internal/testing first, then ramp up after we verify boost rates and that manual priority isn\u2019t being overridden in practice.\n\nKevin",
      "link": "https://www.onyx.app/demo_files/gmail/3684fc827c3747228ea969495fefa7f9/2"
    },
    {
      "text": "Perfect\u2014please proceed with the feature flag plan and keep me posted if the PM wants to tweak thresholds after initial data.\n\nIsabella",
      "link": "https://www.onyx.app/demo_files/gmail/3684fc827c3747228ea969495fefa7f9/3"
    }
  ],
  "primary_owners": [
    {
      "display_name": null,
      "first_name": "Kevin",
      "middle_initial": null,
      "last_name": "Sullivan",
      "email": "kevin_sullivan@netherite-extraction.onyx.app"
    },
    {
      "display_name": null,
      "first_name": "Isabella",
      "middle_initial": null,
      "last_name": "Torres",
      "email": "isabella_torres@netherite-extraction.onyx.app"
    }
  ],
  "secondary_owners": []
}