{
  "id": "fd2e9a4cbe1c449da36e5b5fdacd2204",
  "semantic_identifier": "Ticket 7661487: Fit score data sufficiency diagnostics",
  "title": null,
  "source": "gmail",
  "doc_updated_at": "2025-05-10",
  "metadata": {},
  "doc_metadata": null,
  "sections": [
    {
      "text": "Hi Javier,\n\nI got ticket 7661487 assigned to me. It\u2019s to add backend diagnostics for fit score output: sample size, recency, and key-signal coverage per segment, plus configurable thresholds and basic logging for low-data cases. I think this is ~2\u20133 days of work including wiring into the response and a couple of tests.\n\n-Brooke",
      "link": "https://www.onyx.app/demo_files/gmail/fd2e9a4cbe1c449da36e5b5fdacd2204/0"
    },
    {
      "text": "Thanks Brooke.\n\nDo you see any risk this will add noticeable latency to the fit score endpoint, and if so what\u2019s your plan to keep it in check?",
      "link": "https://www.onyx.app/demo_files/gmail/fd2e9a4cbe1c449da36e5b5fdacd2204/1"
    },
    {
      "text": "I don\u2019t expect meaningful latency impact\u2014these metrics should be derived from aggregates we already compute per segment. I\u2019ll keep it to simple counts/coverage checks in the same query path, add timing logs, and if we see regression I\u2019ll move the diagnostics behind a feature flag or make them optional until we optimize.\n\n-Brooke",
      "link": "https://www.onyx.app/demo_files/gmail/fd2e9a4cbe1c449da36e5b5fdacd2204/2"
    }
  ],
  "primary_owners": [
    {
      "display_name": null,
      "first_name": "Brooke",
      "middle_initial": null,
      "last_name": "Spencer",
      "email": "brooke_spencer@netherite-extraction.onyx.app"
    },
    {
      "display_name": null,
      "first_name": "Javier",
      "middle_initial": null,
      "last_name": "Morales",
      "email": "javier_morales@netherite-extraction.onyx.app"
    }
  ],
  "secondary_owners": []
}