{
  "id": "ba3d45b995ce405697f07d061cca8cae",
  "semantic_identifier": "Ticket 6717570: Attribution + aggregation pipeline for closed-loop metrics",
  "title": null,
  "source": "gmail",
  "doc_updated_at": "2025-11-27",
  "metadata": {},
  "doc_metadata": null,
  "sections": [
    {
      "text": "Hi Javier,\n\nGot ticket 6717570 assigned to me (attribution + daily aggregation pipeline for closed-loop learning metrics). I\u2019ll build a backend job that joins outcome events back to recommendation_instance_id, computes daily aggregates by segment/rep/motion (funnel steps + win/loss), writes to a queryable table/API, and adds basic DQ checks + recent-history backfill.\n\nRough effort: ~1\u20132 weeks depending on event volume/backfill needs and any schema gaps.\n\n-Tyler",
      "link": "https://www.onyx.app/demo_files/gmail/ba3d45b995ce405697f07d061cca8cae/0"
    },
    {
      "text": "Thanks Tyler.\n\nDo you see any risks to recommendation serving performance or any dependencies we need to line up first?",
      "link": "https://www.onyx.app/demo_files/gmail/ba3d45b995ce405697f07d061cca8cae/1"
    },
    {
      "text": "Main risk is accidentally putting joins/aggregations on the serving path; I\u2019ll keep this entirely async (separate job + storage) and rate-limit/backfill off-peak.\n\nDependencies: confirmed access to GOLD-108 outcome event schema + the mapping key to recommendation_instance_id, and agreement on the target table/API schema for downstream consumers.\n\n-Tyler",
      "link": "https://www.onyx.app/demo_files/gmail/ba3d45b995ce405697f07d061cca8cae/2"
    }
  ],
  "primary_owners": [
    {
      "display_name": null,
      "first_name": "Tyler",
      "middle_initial": null,
      "last_name": "Jenkins",
      "email": "tyler_jenkins@netherite-extraction.onyx.app"
    },
    {
      "display_name": null,
      "first_name": "Javier",
      "middle_initial": null,
      "last_name": "Morales",
      "email": "javier_morales@netherite-extraction.onyx.app"
    }
  ],
  "secondary_owners": []
}