{
  "id": "819378d2f3614cd48e80fb079bb096d7",
  "semantic_identifier": "Ticket 8864678: Bypass tracking for Sales Accelerator workflows",
  "title": null,
  "source": "gmail",
  "doc_updated_at": "2025-09-26",
  "metadata": {},
  "doc_metadata": null,
  "sections": [
    {
      "text": "Hi Isabella,\n\nI got ticket 8864678 assigned to me. It covers adding instrumentation to detect when users bypass Sales Accelerator flows (best-next-action, forecasting updates, risk alerts) and do the action directly in the CRM/outside the product, with consistent event metadata across web + extension for downstream reporting.\n\nRoughly 3\u20135 days of work depending on how much \u201creason\u201d we can reliably capture from each entry point.\n\nThanks,\nRyan",
      "link": "https://www.onyx.app/demo_files/gmail/819378d2f3614cd48e80fb079bb096d7/0"
    },
    {
      "text": "Thanks Ryan\u2014sounds good. Any key dependencies or cross-team coordination needed (CRM/extension/data pipeline)?",
      "link": "https://www.onyx.app/demo_files/gmail/819378d2f3614cd48e80fb079bb096d7/1"
    },
    {
      "text": "Main dependencies are: (1) extension team to confirm the right hooks/entry points for emitting the same events, and (2) data/analytics to confirm the event schema + destination so reporting can pick it up. I don\u2019t expect blocking CRM dependencies beyond identifying the redirect/outbound points we already control.\n\n-Ryan",
      "link": "https://www.onyx.app/demo_files/gmail/819378d2f3614cd48e80fb079bb096d7/2"
    }
  ],
  "primary_owners": [
    {
      "display_name": null,
      "first_name": "Ryan",
      "middle_initial": null,
      "last_name": "Murphy",
      "email": "ryan_murphy@netherite-extraction.onyx.app"
    },
    {
      "display_name": null,
      "first_name": "Isabella",
      "middle_initial": null,
      "last_name": "Torres",
      "email": "isabella_torres@netherite-extraction.onyx.app"
    }
  ],
  "secondary_owners": []
}