{
  "id": "cb2d83c5ab8b417396b4d99f551b6087",
  "semantic_identifier": "Ticket 3639471 \u2014 configurable fit-tier weight caps for deal-dynamics risks",
  "title": null,
  "source": "gmail",
  "doc_updated_at": "2025-07-07",
  "metadata": {},
  "doc_metadata": null,
  "sections": [
    {
      "text": "Hi Javier,\n\nI got assigned ticket 3639471. I\u2019ll add scoring-config fields to cap the fit-tier component when deal-dynamics risk signals are present (procurement stage, competition, internal alignment), persist defaults based on the GOLD-97 audit, and make it tunable per workspace/environment. This is config plumbing + applying the cap during score-component calculation only (no ranking/UX/validation changes).\n\nRough effort: ~2\u20133 days including tests and a small migration/defaults.\n\nThanks,\nJiwon",
      "link": "https://www.onyx.app/demo_files/gmail/cb2d83c5ab8b417396b4d99f551b6087/0"
    },
    {
      "text": "Thanks Jiwon. Any dependencies or rollout risks with existing workspaces/environments when we persist the new defaults?",
      "link": "https://www.onyx.app/demo_files/gmail/cb2d83c5ab8b417396b4d99f551b6087/1"
    },
    {
      "text": "Main risk is backward compatibility if old configs don\u2019t have the new fields. I\u2019ll mitigate by:\n- adding defaults in code when fields are missing\n- writing a migration/backfill for persisted configs where applicable\n- keeping caps effectively \u201cno-op\u201d unless risk signals are triggered\n\nNo external dependencies beyond the scoring-config storage service.\n\n\u2014Jiwon",
      "link": "https://www.onyx.app/demo_files/gmail/cb2d83c5ab8b417396b4d99f551b6087/2"
    }
  ],
  "primary_owners": [
    {
      "display_name": null,
      "first_name": "Jiwon",
      "middle_initial": null,
      "last_name": "Kang",
      "email": "jiwon_kang@netherite-extraction.onyx.app"
    },
    {
      "display_name": null,
      "first_name": "Javier",
      "middle_initial": null,
      "last_name": "Morales",
      "email": "javier_morales@netherite-extraction.onyx.app"
    }
  ],
  "secondary_owners": []
}