{
  "id": "9b887b906a7f4634875f52bc8b5cc1c7",
  "semantic_identifier": "Ticket 9430781: duplicate/conflicting field mappings detection + remediation",
  "title": null,
  "source": "gmail",
  "doc_updated_at": "2025-07-31",
  "metadata": {},
  "doc_metadata": null,
  "sections": [
    {
      "text": "Hi Javier,\n\nI\u2019ve been assigned ticket 9430781 (Integrations: Detect and remediate existing duplicate field mappings on load/save). Plan is to add backend validation on fetch/persist to detect duplicate/conflicting source\u2192destination pairs and return a structured warning/error payload, plus a one-time remediation path (auto-dedup where safe, otherwise require user resolution). Rough estimate: ~2\u20133 days engineering, depending on how many integration config shapes we need to support.\n\n-Brooke",
      "link": "https://www.onyx.app/demo_files/gmail/9b887b906a7f4634875f52bc8b5cc1c7/0"
    },
    {
      "text": "Thanks Brooke. Before you start, do we want this to hard-block saves, or warn on load and only block when we can\u2019t safely auto-dedup?",
      "link": "https://www.onyx.app/demo_files/gmail/9b887b906a7f4634875f52bc8b5cc1c7/1"
    },
    {
      "text": "I\u2019d recommend: warn on load with a clear payload + remediation action; on save, auto-dedup when unambiguous, and block with a structured error only when conflicts remain (e.g., same source mapped to multiple destinations or multiple sources to same destination where we can\u2019t infer intent). That prevents new bad configs while keeping legacy integrations functional until resolved.\n\n-Brooke",
      "link": "https://www.onyx.app/demo_files/gmail/9b887b906a7f4634875f52bc8b5cc1c7/2"
    }
  ],
  "primary_owners": [
    {
      "display_name": null,
      "first_name": "Brooke",
      "middle_initial": null,
      "last_name": "Spencer",
      "email": "brooke_spencer@netherite-extraction.onyx.app"
    },
    {
      "display_name": null,
      "first_name": "Javier",
      "middle_initial": null,
      "last_name": "Morales",
      "email": "javier_morales@netherite-extraction.onyx.app"
    }
  ],
  "secondary_owners": []
}