{
  "id": "9fb243c6a12247dfa40360321d0fd049",
  "semantic_identifier": "Ticket 1828555: Backend evaluator for alert trigger detection",
  "title": null,
  "source": "gmail",
  "doc_updated_at": "2025-12-24",
  "metadata": {},
  "doc_metadata": null,
  "sections": [
    {
      "text": "Hi Javier,\n\nGot ticket 1828555 assigned to me. It\u2019s the backend evaluator job/service that periodically checks customer/segment signals against the trigger conditions (fit drift, segment changes, emerging high-fit cohorts), emits normalized alert events, persists them for downstream, and includes idempotency/deduping plus missing/low-volume handling per the spec.\n\nRough effort: ~4\u20136 days including implementation + tests + basic ops/monitoring.\n\n-Jiwon",
      "link": "https://www.onyx.app/demo_files/gmail/9fb243c6a12247dfa40360321d0fd049/0"
    },
    {
      "text": "Thanks Jiwon. What are the main risks/unknowns that could push this past a week?",
      "link": "https://www.onyx.app/demo_files/gmail/9fb243c6a12247dfa40360321d0fd049/1"
    },
    {
      "text": "Main risks are (1) any ambiguity in GOLD-40 around windows/deduping rules and low-volume behavior, and (2) data availability/latency for the underlying segment signals (if we need new aggregates or backfills). If those are stable, I don\u2019t expect it to slip past a week.\n\n-Jiwon",
      "link": "https://www.onyx.app/demo_files/gmail/9fb243c6a12247dfa40360321d0fd049/2"
    }
  ],
  "primary_owners": [
    {
      "display_name": null,
      "first_name": "Jiwon",
      "middle_initial": null,
      "last_name": "Kang",
      "email": "jiwon_kang@netherite-extraction.onyx.app"
    },
    {
      "display_name": null,
      "first_name": "Javier",
      "middle_initial": null,
      "last_name": "Morales",
      "email": "javier_morales@netherite-extraction.onyx.app"
    }
  ],
  "secondary_owners": []
}