{
  "id": "0f6fde8c4b014e4b965e97db38272e26",
  "semantic_identifier": "Ticket 8011752 \u2014 Retry/backoff + rate-limit handling for scheduled integration syncs",
  "title": null,
  "source": "gmail",
  "doc_updated_at": "2025-06-06",
  "metadata": {},
  "doc_metadata": null,
  "sections": [
    {
      "text": "Hi Isabella,\n\nI got ticket 8011752 assigned to me. I\u2019m going to implement a shared retry policy for scheduled sync jobs to handle transient API failures (429/5xx/timeouts), honoring rate-limit headers (e.g., Retry-After), using exponential backoff + jitter, and capping retries per run so we don\u2019t loop forever. I\u2019ll also make sure failures report a terminal run status so the next scheduled run can resume cleanly.\n\nRough effort: ~2\u20133 days including testing across CRM/Support/Product Analytics connectors.\n\nThanks,\nRyan",
      "link": "https://www.onyx.app/demo_files/gmail/0f6fde8c4b014e4b965e97db38272e26/0"
    },
    {
      "text": "Thanks Ryan \u2014 sounds good. One question: do you anticipate any risk of partial writes/duplication when retries happen mid-sync, and do we need any additional guardrails beyond terminal run status?",
      "link": "https://www.onyx.app/demo_files/gmail/0f6fde8c4b014e4b965e97db38272e26/1"
    },
    {
      "text": "Good question. I don\u2019t expect additional partial-write risk as long as retries only wrap individual API calls and we keep the existing per-entity upsert/idempotency behavior; I\u2019ll also ensure we don\u2019t advance the sync cursor/checkpoint until a page/batch completes successfully. Terminal run status will stop the run cleanly so the next scheduled run re-attempts safely.\n\nRyan",
      "link": "https://www.onyx.app/demo_files/gmail/0f6fde8c4b014e4b965e97db38272e26/2"
    }
  ],
  "primary_owners": [
    {
      "display_name": null,
      "first_name": "Ryan",
      "middle_initial": null,
      "last_name": "Murphy",
      "email": "ryan_murphy@netherite-extraction.onyx.app"
    },
    {
      "display_name": null,
      "first_name": "Isabella",
      "middle_initial": null,
      "last_name": "Torres",
      "email": "isabella_torres@netherite-extraction.onyx.app"
    }
  ],
  "secondary_owners": []
}