{
  "id": "4cd309f9dc384c67abbcd91858e1fb49",
  "semantic_identifier": "Ticket 4790048: Standardize customer language/evidence schema",
  "title": null,
  "source": "gmail",
  "doc_updated_at": "2025-04-03",
  "metadata": {},
  "doc_metadata": null,
  "sections": [
    {
      "text": "Hi Javier,\n\nI got ticket 4790048 assigned to me. It\u2019s to standardize how we capture customer language + supporting evidence across ingested signals (source type, timestamp, verbatim snippet, and a reference link back to the original artifact), plus backfill sensible defaults so downstream positioning generation doesn\u2019t break.\n\nRough effort: ~2\u20133 days for schema + pipeline changes, and another ~1\u20132 days to implement/validate backfill depending on data quality.\n\n- Brooke",
      "link": "https://www.onyx.app/demo_files/gmail/4cd309f9dc384c67abbcd91858e1fb49/0"
    },
    {
      "text": "Thanks, Brooke. Any risk this changes existing downstream consumers, or can we keep it fully backward compatible?",
      "link": "https://www.onyx.app/demo_files/gmail/4cd309f9dc384c67abbcd91858e1fb49/1"
    },
    {
      "text": "We can keep it backward compatible. I\u2019ll add the new fields in a non-breaking way (nullable with defaults), keep existing fields untouched, and backfill where we can; for anything missing we\u2019ll set explicit \u201cunknown\u201d/null-safe defaults so downstream code paths don\u2019t fail.\n\n- Brooke",
      "link": "https://www.onyx.app/demo_files/gmail/4cd309f9dc384c67abbcd91858e1fb49/2"
    }
  ],
  "primary_owners": [
    {
      "display_name": null,
      "first_name": "Brooke",
      "middle_initial": null,
      "last_name": "Spencer",
      "email": "brooke_spencer@netherite-extraction.onyx.app"
    },
    {
      "display_name": null,
      "first_name": "Javier",
      "middle_initial": null,
      "last_name": "Morales",
      "email": "javier_morales@netherite-extraction.onyx.app"
    }
  ],
  "secondary_owners": []
}