{
  "id": "41bf41ed567844d0a086e971e11afe73",
  "semantic_identifier": "Ticket 5120215 \u2014 Setup-time data quality checks for Fit Driver inputs",
  "title": null,
  "source": "gmail",
  "doc_updated_at": "2025-04-16",
  "metadata": {},
  "doc_metadata": null,
  "sections": [
    {
      "text": "Hi Isabella,\n\nI got ticket 5120215 and it\u2019s assigned to me. I\u2019ll implement setup-time validation + normalization for connected data sources used by Fit Drivers (required fields, enum consistency, empty strings, obvious outliers) and add a compact \u201cData Quality\u201d panel with actionable issues/suggested fixes before users finalize configuration. I\u2019ll also persist per-workspace normalization rules so future ingests stay consistent.\n\nRough effort: ~4\u20136 days including UI + persistence and a couple of common-source mappings.\n\nThanks,\nJason",
      "link": "https://www.onyx.app/demo_files/gmail/41bf41ed567844d0a086e971e11afe73/0"
    },
    {
      "text": "Thanks Jason \u2014 sounds good. Please make sure we don\u2019t block users unnecessarily during setup; can you treat this as warnings unless it\u2019s missing a required field?",
      "link": "https://www.onyx.app/demo_files/gmail/41bf41ed567844d0a086e971e11afe73/1"
    },
    {
      "text": "Yes \u2014 I\u2019ll make everything non-blocking warnings by default, and only hard-block on missing required fields (or fields required by the selected fit driver). I\u2019ll also include a \u201cProceed anyway\u201d option when it\u2019s safe.\n\nJason",
      "link": "https://www.onyx.app/demo_files/gmail/41bf41ed567844d0a086e971e11afe73/2"
    }
  ],
  "primary_owners": [
    {
      "display_name": null,
      "first_name": "Jason",
      "middle_initial": null,
      "last_name": "Morris",
      "email": "jason_morris@netherite-extraction.onyx.app"
    },
    {
      "display_name": null,
      "first_name": "Isabella",
      "middle_initial": null,
      "last_name": "Torres",
      "email": "isabella_torres@netherite-extraction.onyx.app"
    }
  ],
  "secondary_owners": []
}