{
  "id": "d2b4ec64ac574d708169a7d9b15cfa7b",
  "semantic_identifier": "Ticket 5957298 - Simple Mode onboarding UI",
  "title": null,
  "source": "gmail",
  "doc_updated_at": "2026-01-08",
  "metadata": {},
  "doc_metadata": null,
  "sections": [
    {
      "text": "Hi Javier,\n\nI got ticket 5957298 assigned to me (\u201cAdd Simple Mode onboarding UI with progressive disclosure for alerts/templates/models\u201d). I\u2019ll implement the onboarding flow to choose Simple Mode, apply backend default minimal config, and hide advanced alert/template/model controls behind an \u201cAdvanced settings\u201d accordion while showing the core workflows (forecasting, next-best-action, risk alerts) with explainable summaries. Also will ensure users can switch to Advanced Mode later without losing the applied defaults.\n\nRough estimate: ~3\u20135 engineering days plus review/QA, depending on any UX tweaks.\n\nThanks,\nJiwon",
      "link": "https://www.onyx.app/demo_files/gmail/d2b4ec64ac574d708169a7d9b15cfa7b/0"
    },
    {
      "text": "Thanks Jiwon.\n\nAny dependencies or potential risks that could push this beyond a week?",
      "link": "https://www.onyx.app/demo_files/gmail/d2b4ec64ac574d708169a7d9b15cfa7b/1"
    },
    {
      "text": "Main risks/dependencies:\n- Confirming the exact backend \u201crecommended minimal configuration\u201d payload/endpoint for Simple Mode (and whether it differs per workspace).\n- Making sure the \u201cswitch to Advanced Mode later\u201d doesn\u2019t overwrite user changes\u2014may need to persist a flag + initial defaults snapshot.\n- Final copy/UX for the workflow summaries and the accordion behavior.\n\nIf backend defaults and UX are stable, I don\u2019t expect it to exceed a week.\n\nJiwon",
      "link": "https://www.onyx.app/demo_files/gmail/d2b4ec64ac574d708169a7d9b15cfa7b/2"
    },
    {
      "text": "Sounds good\u2014please flag early if the backend defaults or UX requirements change.",
      "link": "https://www.onyx.app/demo_files/gmail/d2b4ec64ac574d708169a7d9b15cfa7b/3"
    }
  ],
  "primary_owners": [
    {
      "display_name": null,
      "first_name": "Jiwon",
      "middle_initial": null,
      "last_name": "Kang",
      "email": "jiwon_kang@netherite-extraction.onyx.app"
    },
    {
      "display_name": null,
      "first_name": "Javier",
      "middle_initial": null,
      "last_name": "Morales",
      "email": "javier_morales@netherite-extraction.onyx.app"
    }
  ],
  "secondary_owners": []
}