{
  "id": "8580e5b3ca18429ead325cc9a92f077a",
  "semantic_identifier": "Ticket 6922982 \u2014 Bulk export endpoint for Messaging Library assets",
  "title": null,
  "source": "gmail",
  "doc_updated_at": "2026-01-17",
  "metadata": {},
  "doc_metadata": null,
  "sections": [
    {
      "text": "Hi Isabella,\n\nI got ticket 6922982 assigned to me. I\u2019ll implement the bulk export endpoint to return approved Messaging Library assets for a workspace with cursor/limit pagination, stable ordering, and optional filters (asset type, segment/ICP, updated_since). I\u2019ll also include sync metadata like next_cursor and total_count (when available) and focus on query performance.\n\nRough effort: ~2\u20133 days for core implementation + tests, assuming no schema changes.\n\nThanks,\nKevin",
      "link": "https://www.onyx.app/demo_files/gmail/8580e5b3ca18429ead325cc9a92f077a/0"
    },
    {
      "text": "Thanks Kevin. Any notable dependencies or risks that could push this past 3 days?",
      "link": "https://www.onyx.app/demo_files/gmail/8580e5b3ca18429ead325cc9a92f077a/1"
    },
    {
      "text": "Main risks are performance at scale (indexes for updated_since + stable ordering) and ambiguity around how segment/ICP filters map to data/joins. If those are straightforward, I don\u2019t expect it to slip; if not, I may need a quick PM/DB check on filter semantics and indexing.\n\nKevin",
      "link": "https://www.onyx.app/demo_files/gmail/8580e5b3ca18429ead325cc9a92f077a/2"
    }
  ],
  "primary_owners": [
    {
      "display_name": null,
      "first_name": "Kevin",
      "middle_initial": null,
      "last_name": "Sullivan",
      "email": "kevin_sullivan@netherite-extraction.onyx.app"
    },
    {
      "display_name": null,
      "first_name": "Isabella",
      "middle_initial": null,
      "last_name": "Torres",
      "email": "isabella_torres@netherite-extraction.onyx.app"
    }
  ],
  "secondary_owners": []
}