{
  "id": "534be7f1162d46fb9469cef29deecd35",
  "semantic_identifier": "Ticket 5565928: domain-vocabulary signals for clustering",
  "title": null,
  "source": "gmail",
  "doc_updated_at": "2025-05-22",
  "metadata": {},
  "doc_metadata": null,
  "sections": [
    {
      "text": "Hi Javier,\n\nI\u2019ve been assigned ticket 5565928 (\u201cAdd domain-vocabulary signals to clustering to reduce false merges\u201d). I\u2019ll add domain-aware text features (domain keyword lists, ID/SKU/code detection, and stopword overrides) into the similarity scoring, plus per-source config flags (e.g., Zendesk vs Intercom) to enable/disable.\n\nRough effort: ~3\u20135 days including tests and a small rollout plan.\n\n-Brooke",
      "link": "https://www.onyx.app/demo_files/gmail/534be7f1162d46fb9469cef29deecd35/0"
    },
    {
      "text": "Thanks Brooke\u2014sounds good. How do you want to rollout the per-source flags to minimize risk for existing integrations?\n\n-Javier",
      "link": "https://www.onyx.app/demo_files/gmail/534be7f1162d46fb9469cef29deecd35/1"
    },
    {
      "text": "I\u2019ll default the new signals to off, ship behind per-integration config, and enable only on a couple low-risk sources first (staging + one internal/prod integration) with monitoring on merge rates/false-merge samples. If metrics look stable, we can expand enablement source by source.\n\n-Brooke",
      "link": "https://www.onyx.app/demo_files/gmail/534be7f1162d46fb9469cef29deecd35/2"
    },
    {
      "text": "Perfect\u2014please proceed and keep me posted if you see any regressions in the rollout.\n\n-Javier",
      "link": "https://www.onyx.app/demo_files/gmail/534be7f1162d46fb9469cef29deecd35/3"
    }
  ],
  "primary_owners": [
    {
      "display_name": null,
      "first_name": "Brooke",
      "middle_initial": null,
      "last_name": "Spencer",
      "email": "brooke_spencer@netherite-extraction.onyx.app"
    },
    {
      "display_name": null,
      "first_name": "Javier",
      "middle_initial": null,
      "last_name": "Morales",
      "email": "javier_morales@netherite-extraction.onyx.app"
    }
  ],
  "secondary_owners": []
}