{
  "id": "7bb0f8c33f9e4c6eb2b583c12cb43bd1",
  "semantic_identifier": "Ticket 1387718: issue_prioritization score computation",
  "title": null,
  "source": "gmail",
  "doc_updated_at": "2025-05-25",
  "metadata": {},
  "doc_metadata": null,
  "sections": [
    {
      "text": "Hi Isabella,\n\nI got ticket 1387718 assigned to me. It covers implementing the issue_prioritization scoring module that loads the active per-workspace config and computes a total score from frequency + severity + ARR tier, including an explainable breakdown and deterministic fallbacks for missing ARR/severity.\n\nInitial estimate: ~2\u20133 days (implementation + tests + wiring into the existing issue scoring path).",
      "link": "https://www.onyx.app/demo_files/gmail/7bb0f8c33f9e4c6eb2b583c12cb43bd1/0"
    },
    {
      "text": "Thanks Ryan.\n\nAny cross-team dependencies or open questions we should resolve before you start?",
      "link": "https://www.onyx.app/demo_files/gmail/7bb0f8c33f9e4c6eb2b583c12cb43bd1/1"
    },
    {
      "text": "None expected. I\u2019ll confirm where the active scoring config is persisted/read today and align fallback rules with the ticket/PM, but otherwise it should be self-contained within our service + DB access layer.\n\nI\u2019ll flag you if I find any ambiguity in the config schema or normalization rules.",
      "link": "https://www.onyx.app/demo_files/gmail/7bb0f8c33f9e4c6eb2b583c12cb43bd1/2"
    }
  ],
  "primary_owners": [
    {
      "display_name": null,
      "first_name": "Ryan",
      "middle_initial": null,
      "last_name": "Murphy",
      "email": "ryan_murphy@netherite-extraction.onyx.app"
    },
    {
      "display_name": null,
      "first_name": "Isabella",
      "middle_initial": null,
      "last_name": "Torres",
      "email": "isabella_torres@netherite-extraction.onyx.app"
    }
  ],
  "secondary_owners": []
}