{
  "id": "3b4aa35d8e9b4e5ead23b7155d5d733e",
  "semantic_identifier": "Ticket 9502606 \u2014 Server-side PII redaction for AI artifacts",
  "title": null,
  "source": "gmail",
  "doc_updated_at": "2025-10-28",
  "metadata": {},
  "doc_metadata": null,
  "sections": [
    {
      "text": "Hi Javier,\n\nI got ticket 9502606 and it\u2019s assigned to me. It covers adding a backend PII detect/redact step for AI-generated emails/call notes/NBA text before we persist anything and before export/share APIs return content, gated by a per-tenant flag (default off). We\u2019ll also record redaction metadata (policy/version) and ensure audit/event payloads don\u2019t include raw PII when enabled.\n\nRough effort: ~3\u20135 days including wiring into storage + API paths, config plumbing, and tests.\n\nThanks,\nJiwon",
      "link": "https://www.onyx.app/demo_files/gmail/3b4aa35d8e9b4e5ead23b7155d5d733e/0"
    },
    {
      "text": "Thanks Jiwon. Sounds good\u2014what\u2019s the main risk or dependency you see here?",
      "link": "https://www.onyx.app/demo_files/gmail/3b4aa35d8e9b4e5ead23b7155d5d733e/1"
    }
  ],
  "primary_owners": [
    {
      "display_name": null,
      "first_name": "Jiwon",
      "middle_initial": null,
      "last_name": "Kang",
      "email": "jiwon_kang@netherite-extraction.onyx.app"
    },
    {
      "display_name": null,
      "first_name": "Javier",
      "middle_initial": null,
      "last_name": "Morales",
      "email": "javier_morales@netherite-extraction.onyx.app"
    }
  ],
  "secondary_owners": []
}