{
  "id": "1206c5df561f406bbffc9eb043a1d901",
  "semantic_identifier": "Ticket 7308958: Segment/ICP weighting in priority scoring",
  "title": null,
  "source": "gmail",
  "doc_updated_at": "2025-05-12",
  "metadata": {},
  "doc_metadata": null,
  "sections": [
    {
      "text": "Hi Javier,\n\nI got assigned ticket 7308958 (Implement segment/ICP weighting in priority scoring with configurable defaults). I\u2019ll update the scoring algorithm to apply configurable weights based on the persisted segment and ICP-fit fields, with neutral defaults and safe fallbacks when values are missing/conflicting. Rough estimate: ~1\u20132 days including tests and a small config rollout.\n\nAndre",
      "link": "https://www.onyx.app/demo_files/gmail/1206c5df561f406bbffc9eb043a1d901/0"
    },
    {
      "text": "Thanks Andre.\n\nDo you anticipate any data backfill or migration work for the segment/ICP fields, or can we rely on what\u2019s already persisted?\n\nJavier",
      "link": "https://www.onyx.app/demo_files/gmail/1206c5df561f406bbffc9eb043a1d901/1"
    },
    {
      "text": "We can rely on what\u2019s already persisted\u2014no backfill/migration planned for this ticket. I\u2019ll treat missing/invalid values as neutral weight so scoring remains stable, and I\u2019ll add some logging/metrics so we can see how often we\u2019re falling back.\n\nAndre",
      "link": "https://www.onyx.app/demo_files/gmail/1206c5df561f406bbffc9eb043a1d901/2"
    },
    {
      "text": "Sounds good\u2014please proceed and keep me posted if anything unexpected comes up.\n\nJavier",
      "link": "https://www.onyx.app/demo_files/gmail/1206c5df561f406bbffc9eb043a1d901/3"
    }
  ],
  "primary_owners": [
    {
      "display_name": null,
      "first_name": "Andre",
      "middle_initial": null,
      "last_name": "Robinson",
      "email": "andre_robinson@netherite-extraction.onyx.app"
    },
    {
      "display_name": null,
      "first_name": "Javier",
      "middle_initial": null,
      "last_name": "Morales",
      "email": "javier_morales@netherite-extraction.onyx.app"
    }
  ],
  "secondary_owners": []
}