{
  "id": "224e9abf9e8e40b9b3d30e1f3d17ec95",
  "semantic_identifier": "Ticket 5110850: Simple Mode progressive disclosure for Alerts/Templates/Models settings",
  "title": null,
  "source": "gmail",
  "doc_updated_at": "2026-01-11",
  "metadata": {},
  "doc_metadata": null,
  "sections": [
    {
      "text": "Hi Isabella,\n\nI got ticket 5110850 assigned to me. It\u2019s to apply Simple Mode progressive disclosure on the Alerts/Templates/Models settings pages: show only core recommended controls by default, move advanced knobs into an \u201cAdvanced settings\u201d section, and make sure the mode is enforced on navigation/refresh. Also, switching to Advanced later should reveal existing config (not reset it).\n\nRough effort: ~3\u20135 days including UI changes and validation across the three pages.\n\nThanks,\nJason",
      "link": "https://www.onyx.app/demo_files/gmail/224e9abf9e8e40b9b3d30e1f3d17ec95/0"
    },
    {
      "text": "Thanks, Jason. Any notable risks or dependencies that could stretch that estimate?",
      "link": "https://www.onyx.app/demo_files/gmail/224e9abf9e8e40b9b3d30e1f3d17ec95/1"
    },
    {
      "text": "Main risks are hidden coupling in shared settings components (simple/advanced state leaking across pages) and ensuring we don\u2019t accidentally drop/overwrite advanced values when they\u2019re hidden. No major external dependencies, but I\u2019ll want a quick PM/design pass on what counts as \u201ccore\u201d vs \u201cadvanced\u201d per page.\n\nJason",
      "link": "https://www.onyx.app/demo_files/gmail/224e9abf9e8e40b9b3d30e1f3d17ec95/2"
    }
  ],
  "primary_owners": [
    {
      "display_name": null,
      "first_name": "Jason",
      "middle_initial": null,
      "last_name": "Morris",
      "email": "jason_morris@netherite-extraction.onyx.app"
    },
    {
      "display_name": null,
      "first_name": "Isabella",
      "middle_initial": null,
      "last_name": "Torres",
      "email": "isabella_torres@netherite-extraction.onyx.app"
    }
  ],
  "secondary_owners": []
}