{
  "id": "4d3c34bc19e94ada8b54a03fe83f4479",
  "semantic_identifier": "Ticket 1927823 \u2014 SLA timers + lifecycle events in issue_history v2",
  "title": null,
  "source": "gmail",
  "doc_updated_at": "2025-06-12",
  "metadata": {},
  "doc_metadata": null,
  "sections": [
    {
      "text": "Hi Isabella,\n\nI got ticket 1927823 assigned to me (issue_history v2: Implement SLA timer calculation + lifecycle events). I\u2019ll add SLA lifecycle events (start/pause/resume/stop) based on state/ownership transitions + triage milestones, then implement the backend aggregation to compute elapsed SLA + current status (including reassignment/reopen) and expose the computed fields via the API.\n\nRough estimate: ~4\u20136 engineering days including testing/backfill considerations.\n\n\u2014Kevin",
      "link": "https://www.onyx.app/demo_files/gmail/4d3c34bc19e94ada8b54a03fe83f4479/0"
    },
    {
      "text": "Thanks Kevin\u2014sounds good. Any key dependencies or risks that could change the estimate?",
      "link": "https://www.onyx.app/demo_files/gmail/4d3c34bc19e94ada8b54a03fe83f4479/1"
    }
  ],
  "primary_owners": [
    {
      "display_name": null,
      "first_name": "Kevin",
      "middle_initial": null,
      "last_name": "Sullivan",
      "email": "kevin_sullivan@netherite-extraction.onyx.app"
    },
    {
      "display_name": null,
      "first_name": "Isabella",
      "middle_initial": null,
      "last_name": "Torres",
      "email": "isabella_torres@netherite-extraction.onyx.app"
    }
  ],
  "secondary_owners": []
}