{
  "id": "f962996605fc49b3b2034d8f184aadff",
  "semantic_identifier": "Ticket 1917681 \u2014 Fit Driver Selection Wizard",
  "title": null,
  "source": "gmail",
  "doc_updated_at": "2025-05-19",
  "metadata": {},
  "doc_metadata": null,
  "sections": [
    {
      "text": "Hi Javier,\n\nI got ticket 1917681 assigned to me (Add Fit Driver Selection Wizard with recommended defaults). I\u2019ll implement a guided step in the setup flow that suggests drivers based on connected sources (CRM, surveys, usage events, support tickets), includes brief explanations + an \u201caccept all\u201d option, lets users add/remove, and persists the selection/defaults to the workspace for downstream fit scoring.\n\nRough effort: ~3\u20135 days depending on how much existing config/persistence we can reuse.\n\nThanks,\nTyler",
      "link": "https://www.onyx.app/demo_files/gmail/f962996605fc49b3b2034d8f184aadff/0"
    },
    {
      "text": "Thanks Tyler.\n\nDoes this touch any shared scoring config or migrations that could affect existing workspaces, or is it isolated to new setup flow only?",
      "link": "https://www.onyx.app/demo_files/gmail/f962996605fc49b3b2034d8f184aadff/1"
    },
    {
      "text": "It should be isolated: we\u2019ll persist selected drivers/defaults as workspace-level config, but not change scoring behavior for existing workspaces unless they go through the new wizard (or we explicitly backfill, which I\u2019m not planning to do). No DB migration expected\u2014aiming to store in the existing workspace settings/config table.\n\nTyler",
      "link": "https://www.onyx.app/demo_files/gmail/f962996605fc49b3b2034d8f184aadff/2"
    }
  ],
  "primary_owners": [
    {
      "display_name": null,
      "first_name": "Tyler",
      "middle_initial": null,
      "last_name": "Jenkins",
      "email": "tyler_jenkins@netherite-extraction.onyx.app"
    },
    {
      "display_name": null,
      "first_name": "Javier",
      "middle_initial": null,
      "last_name": "Morales",
      "email": "javier_morales@netherite-extraction.onyx.app"
    }
  ],
  "secondary_owners": []
}