{
  "id": "489de4355ed248998d8b10dead5fca96",
  "semantic_identifier": "Ticket 2415604 \u2014 persistent alert event model + retrieval API",
  "title": null,
  "source": "gmail",
  "doc_updated_at": "2026-01-10",
  "metadata": {},
  "doc_metadata": null,
  "sections": [
    {
      "text": "Hi Javier,\n\nI got ticket 2415604 assigned to me (persistent alert event model + retrieval API). I\u2019ll implement the normalized alert event storage per GOLD-40 (type/entity refs/timestamps/metrics/thresholds/window/dedupe key), plus list/get APIs with filters (type, segment/customer, time range) and pagination. I\u2019ll also add idempotent writes and basic retention/archival defaults.\n\nRough effort: ~3\u20135 engineering days depending on schema review and any API conventions we need to align on.\n\n\u2014Andre",
      "link": "https://www.onyx.app/demo_files/gmail/489de4355ed248998d8b10dead5fca96/0"
    },
    {
      "text": "Thanks, Andre. What\u2019s your plan for idempotency and dedupe\u2014DB constraint on the dedupe key, or application-level upsert?",
      "link": "https://www.onyx.app/demo_files/gmail/489de4355ed248998d8b10dead5fca96/1"
    },
    {
      "text": "Plan is a DB-enforced unique constraint on (dedupe_key, alert_type) (and tenant/customer if applicable), with an upsert/ON CONFLICT DO NOTHING to guarantee idempotent writes. I\u2019ll keep the dedupe key derived from (type + entity refs + evaluation window start/end) so repeats collapse deterministically.\n\n\u2014Andre",
      "link": "https://www.onyx.app/demo_files/gmail/489de4355ed248998d8b10dead5fca96/2"
    }
  ],
  "primary_owners": [
    {
      "display_name": null,
      "first_name": "Andre",
      "middle_initial": null,
      "last_name": "Robinson",
      "email": "andre_robinson@netherite-extraction.onyx.app"
    },
    {
      "display_name": null,
      "first_name": "Javier",
      "middle_initial": null,
      "last_name": "Morales",
      "email": "javier_morales@netherite-extraction.onyx.app"
    }
  ],
  "secondary_owners": []
}