{
  "id": "cb5215e51292494cac51427712792b96",
  "semantic_identifier": "Ticket 4509379: Immutable audit logs for PII reads/exports",
  "title": null,
  "source": "gmail",
  "doc_updated_at": "2026-01-12",
  "metadata": {},
  "doc_metadata": null,
  "sections": [
    {
      "text": "Hi Isabella,\n\nGot ticket 4509379 assigned to me. I\u2019ll implement server-side audit logging for reads/exports of customer signals that may contain PII (API reads, UI raw record views, and any download/export). Logs will include workspace, actor, timestamp, action type, resource IDs, and request context (IP/user agent), stored in an append-only datastore with admin-only retrieval + basic filters.\n\nRough effort: ~5\u20137 engineering days including tests and endpoint wiring.\n\n-Jason",
      "link": "https://www.onyx.app/demo_files/gmail/cb5215e51292494cac51427712792b96/0"
    },
    {
      "text": "Thanks Jason. Sounds good\u2014do we need to coordinate any changes with Security/Compliance before choosing the immutable datastore approach?",
      "link": "https://www.onyx.app/demo_files/gmail/cb5215e51292494cac51427712792b96/1"
    },
    {
      "text": "Good call. I\u2019ll loop in Security/Compliance today with a short design note (datastore choice, retention, access controls) and won\u2019t finalize the storage implementation until they confirm requirements.\n\n-Jason",
      "link": "https://www.onyx.app/demo_files/gmail/cb5215e51292494cac51427712792b96/2"
    }
  ],
  "primary_owners": [
    {
      "display_name": null,
      "first_name": "Jason",
      "middle_initial": null,
      "last_name": "Morris",
      "email": "jason_morris@netherite-extraction.onyx.app"
    },
    {
      "display_name": null,
      "first_name": "Isabella",
      "middle_initial": null,
      "last_name": "Torres",
      "email": "isabella_torres@netherite-extraction.onyx.app"
    }
  ],
  "secondary_owners": []
}