{
  "id": "a58b85e8505d493ba0f1164bec980ef4",
  "semantic_identifier": "Ticket 2992883 \u2014 Add standardized Attribution Evidence fields to Issue objects",
  "title": null,
  "source": "gmail",
  "doc_updated_at": "2025-12-31",
  "metadata": {},
  "doc_metadata": null,
  "sections": [
    {
      "text": "Hi Isabella,\n\nGot ticket 2992883 assigned to me. It covers adding a standardized \u201cAttribution Evidence\u201d section on Issue objects (impacted accounts, revenue at risk, expected impact hypothesis, linked downstream work IDs), plus ensuring the fields can be populated from support/CRM/pipeline context and stay auditable.\n\nRough effort: ~3\u20135 days including schema/API updates, UI form changes, migration/backfill where possible, and basic validation/audit logging.\n\n\u2014Jason",
      "link": "https://www.onyx.app/demo_files/gmail/a58b85e8505d493ba0f1164bec980ef4/0"
    },
    {
      "text": "Thanks Jason. Do you see any major risk around backfilling historical Issues or keeping the fields auditable over edits?",
      "link": "https://www.onyx.app/demo_files/gmail/a58b85e8505d493ba0f1164bec980ef4/1"
    },
    {
      "text": "Main risk is incomplete historical data (CRM/support links won\u2019t always map cleanly), so I\u2019d propose best-effort backfill only when we have strong identifiers, and otherwise leave blank.\n\nFor auditability, I\u2019ll store the Attribution Evidence as structured fields plus an immutable change log (who/when/old/new) so edits are fully traceable.\n\n\u2014Jason",
      "link": "https://www.onyx.app/demo_files/gmail/a58b85e8505d493ba0f1164bec980ef4/2"
    }
  ],
  "primary_owners": [
    {
      "display_name": null,
      "first_name": "Jason",
      "middle_initial": null,
      "last_name": "Morris",
      "email": "jason_morris@netherite-extraction.onyx.app"
    },
    {
      "display_name": null,
      "first_name": "Isabella",
      "middle_initial": null,
      "last_name": "Torres",
      "email": "isabella_torres@netherite-extraction.onyx.app"
    }
  ],
  "secondary_owners": []
}