{
  "id": "febfe50a71a04d3c87689f24ea335fc4",
  "semantic_identifier": "Ticket 5786182 \u2014 issue_history event model + persistence layer",
  "title": null,
  "source": "gmail",
  "doc_updated_at": "2025-05-02",
  "metadata": {},
  "doc_metadata": null,
  "sections": [
    {
      "text": "Hi Isabella,\n\nGot ticket 5786182 assigned to me. I\u2019ll implement the DB schema + backend domain model for an append-only `issue_history` event log tied to Issue, define initial event types/payload structure (flexible enough to avoid migrations per event), and add basic write APIs/helpers to record events with actor + timestamp. No UI work in scope.\n\nRough effort: ~2\u20133 days including tests and a short migration.\n\nThanks,\nJason",
      "link": "https://www.onyx.app/demo_files/gmail/febfe50a71a04d3c87689f24ea335fc4/0"
    },
    {
      "text": "Thanks Jason. Any notable risks or cross-team dependencies (e.g., on Issue standardization or auth/actor resolution) that could affect that estimate?",
      "link": "https://www.onyx.app/demo_files/gmail/febfe50a71a04d3c87689f24ea335fc4/1"
    },
    {
      "text": "Main risks are: (1) aligning on the standardized Issue ID/source of truth if that\u2019s still in flux, and (2) how we resolve/represent the actor (user vs service) in the event record. If we keep actor as a generic principal_id + type and tie events to the current Issue primary key, I don\u2019t see external dependencies and the 2\u20133 day estimate should hold.\n\nJason",
      "link": "https://www.onyx.app/demo_files/gmail/febfe50a71a04d3c87689f24ea335fc4/2"
    }
  ],
  "primary_owners": [
    {
      "display_name": null,
      "first_name": "Jason",
      "middle_initial": null,
      "last_name": "Morris",
      "email": "jason_morris@netherite-extraction.onyx.app"
    },
    {
      "display_name": null,
      "first_name": "Isabella",
      "middle_initial": null,
      "last_name": "Torres",
      "email": "isabella_torres@netherite-extraction.onyx.app"
    }
  ],
  "secondary_owners": []
}