{
  "id": "ee03446d8b3c44aa9a7f8bc3e83e9d5d",
  "semantic_identifier": "Ticket 5968329: counterfactual suggestions for Fit Score explainability",
  "title": null,
  "source": "gmail",
  "doc_updated_at": "2026-01-20",
  "metadata": {},
  "doc_metadata": null,
  "sections": [
    {
      "text": "Hi Isabella,\n\nI got ticket 5968329 assigned to me (Add counterfactual \u201cwhat would improve fit\u201d suggestions to Fit Score explainability). I\u2019ll extend the explainability service to output a deterministic top-N set of \u201cminimal change\u201d suggestions per segment/account (expected Fit Score delta + required field/value changes), with safety checks (no PII, no impossible recommendations) and unit tests for low-signal/conflicting cases and capped output.\n\nRough effort: ~3\u20135 days including tests and review.\n\n\u2014Ryan",
      "link": "https://www.onyx.app/demo_files/gmail/ee03446d8b3c44aa9a7f8bc3e83e9d5d/0"
    },
    {
      "text": "Thanks Ryan. Any risks or dependencies that could push this beyond a week (e.g., needing Fit Score model changes or new signal sources)?",
      "link": "https://www.onyx.app/demo_files/gmail/ee03446d8b3c44aa9a7f8bc3e83e9d5d/1"
    },
    {
      "text": "Main dependency is having stable access to the current signal set and their allowed value ranges so we can generate \u201cpossible\u201d changes safely. I\u2019m planning to keep this purely in the explainability layer (no model changes, no new signals) by basing suggestions on existing feature contributions and a fixed ruleset for allowed counterfactuals. If we can confirm the allowed ranges/enum values for the key signals, I don\u2019t see it going beyond a week.\n\n\u2014Ryan",
      "link": "https://www.onyx.app/demo_files/gmail/ee03446d8b3c44aa9a7f8bc3e83e9d5d/2"
    }
  ],
  "primary_owners": [
    {
      "display_name": null,
      "first_name": "Ryan",
      "middle_initial": null,
      "last_name": "Murphy",
      "email": "ryan_murphy@netherite-extraction.onyx.app"
    },
    {
      "display_name": null,
      "first_name": "Isabella",
      "middle_initial": null,
      "last_name": "Torres",
      "email": "isabella_torres@netherite-extraction.onyx.app"
    }
  ],
  "secondary_owners": []
}