{
  "id": "9f2fdf08e606448f864841e3635ece83",
  "semantic_identifier": "Ticket 7323273: Bypass-tracking events in analytics pipeline",
  "title": null,
  "source": "gmail",
  "doc_updated_at": "2025-10-31",
  "metadata": {},
  "doc_metadata": null,
  "sections": [
    {
      "text": "Got ticket 7323273 assigned to me. I\u2019ll implement the new bypass event schema plus an ingestion endpoint, then persist into the warehouse with stable IDs and idempotent dedupe (event_id/session) so reporting can segment by workflow/team. Rough estimate: ~2\u20133 days engineering + time for review/QA depending on analytics validation.",
      "link": "https://www.onyx.app/demo_files/gmail/9f2fdf08e606448f864841e3635ece83/0"
    },
    {
      "text": "Thanks, sounds good. Any major risks or dependencies that could push this out?",
      "link": "https://www.onyx.app/demo_files/gmail/9f2fdf08e606448f864841e3635ece83/1"
    },
    {
      "text": "Main dependencies are agreeing on the final schema fields/IDs with PM/analytics and confirming the warehouse table/partitioning conventions. Biggest risk is idempotency edge cases (retries/duplicates), but we can mitigate with a unique key on event_id and a fallback dedupe on session+timestamp+workflow if needed. Otherwise I don\u2019t see major blockers.",
      "link": "https://www.onyx.app/demo_files/gmail/9f2fdf08e606448f864841e3635ece83/2"
    }
  ],
  "primary_owners": [
    {
      "display_name": null,
      "first_name": "Brooke",
      "middle_initial": null,
      "last_name": "Spencer",
      "email": "brooke_spencer@netherite-extraction.onyx.app"
    },
    {
      "display_name": null,
      "first_name": "Javier",
      "middle_initial": null,
      "last_name": "Morales",
      "email": "javier_morales@netherite-extraction.onyx.app"
    }
  ],
  "secondary_owners": []
}