{
  "id": "32bc09437a4f4f9c935386d4439fa2c4",
  "semantic_identifier": "Ticket 8368648: Jira/Linear status sync loop fix",
  "title": null,
  "source": "gmail",
  "doc_updated_at": "2025-06-11",
  "metadata": {},
  "doc_metadata": null,
  "sections": [
    {
      "text": "Got ticket 8368648 assigned to me (Integrations_connectors v2: fix Jira/Linear bi-directional status sync). I\u2019ll add per-issue sync metadata (last_synced_state/at + origin) and idempotency checks so we ignore self-generated updates but still apply legit remote changes, plus verify transition mappings and add a few logs/metrics for dropped/conflicting updates. Roughly 2\u20133 days including testing on both connectors.",
      "link": "https://www.onyx.app/demo_files/gmail/32bc09437a4f4f9c935386d4439fa2c4/0"
    },
    {
      "text": "Thanks Tyler. Any risk this changes behavior for existing integrations or requires backfill/migration for current issues?",
      "link": "https://www.onyx.app/demo_files/gmail/32bc09437a4f4f9c935386d4439fa2c4/1"
    },
    {
      "text": "Low risk to existing behavior if we default the new metadata to \u201cunknown\u201d and treat first sync as authoritative from the incoming event. We\u2019ll add the fields with safe null defaults (no backfill required), and only start writing them as updates flow through; I\u2019ll gate any stricter loop-prevention behind the origin check so we don\u2019t drop legitimate remote changes.",
      "link": "https://www.onyx.app/demo_files/gmail/32bc09437a4f4f9c935386d4439fa2c4/2"
    }
  ],
  "primary_owners": [
    {
      "display_name": null,
      "first_name": "Tyler",
      "middle_initial": null,
      "last_name": "Jenkins",
      "email": "tyler_jenkins@netherite-extraction.onyx.app"
    },
    {
      "display_name": null,
      "first_name": "Javier",
      "middle_initial": null,
      "last_name": "Morales",
      "email": "javier_morales@netherite-extraction.onyx.app"
    }
  ],
  "secondary_owners": []
}