{
  "id": "2fbb591aa81942849928b29e5540cdc1",
  "semantic_identifier": "Ticket 7513640: Segment canonicalization for impact reporting",
  "title": null,
  "source": "gmail",
  "doc_updated_at": "2025-08-13",
  "metadata": {},
  "doc_metadata": null,
  "sections": [
    {
      "text": "Hi Isabella,\n\nI got ticket 7513640 assigned to me. I\u2019ll implement a canonicalization layer in the impact-reporting pipeline to normalize segment IDs/names and compute membership from the chosen source of truth (per GOLD-179) before aggregations, plus add a fallback that flags unmapped segments as unknown/mismatched.\n\nRoughly 3\u20135 days including tests and a backfill/validation pass.\n\nThanks,\nKevin",
      "link": "https://www.onyx.app/demo_files/gmail/2fbb591aa81942849928b29e5540cdc1/0"
    },
    {
      "text": "Thanks Kevin\u2014sounds good. Any risks to the reporting timelines while this is rolling out?",
      "link": "https://www.onyx.app/demo_files/gmail/2fbb591aa81942849928b29e5540cdc1/1"
    },
    {
      "text": "The main risk is definition drift during rollout if some reports still reference pre-canonicalized segments. I can mitigate by feature-flagging the canonicalization step, running old vs new in parallel for a couple days, and only flipping once metrics match; that should keep reporting stable.\n\nKevin",
      "link": "https://www.onyx.app/demo_files/gmail/2fbb591aa81942849928b29e5540cdc1/2"
    },
    {
      "text": "Perfect\u2014please proceed with the flag + parallel validation plan.",
      "link": "https://www.onyx.app/demo_files/gmail/2fbb591aa81942849928b29e5540cdc1/3"
    }
  ],
  "primary_owners": [
    {
      "display_name": null,
      "first_name": "Kevin",
      "middle_initial": null,
      "last_name": "Sullivan",
      "email": "kevin_sullivan@netherite-extraction.onyx.app"
    },
    {
      "display_name": null,
      "first_name": "Isabella",
      "middle_initial": null,
      "last_name": "Torres",
      "email": "isabella_torres@netherite-extraction.onyx.app"
    }
  ],
  "secondary_owners": []
}