{
  "id": "a38f098164bd44118232384a209742d9",
  "semantic_identifier": "Ticket 1804287: Admin audit log viewer implementation plan",
  "title": null,
  "source": "gmail",
  "doc_updated_at": "2025-12-14",
  "metadata": {},
  "doc_metadata": null,
  "sections": [
    {
      "text": "Hi Javier,\n\nI\u2019ve been assigned ticket 1804287 (Admin UI: Add audit log viewer for customer signal/PII access events). I\u2019ll add an admin-only page under workspace settings to list the GOLD-55 audit logs with basic filters (time range, actor, action type, resource), pagination, and a CSV export that matches the current filtered results. Rough estimate: ~3\u20135 engineering days including permission checks and polishing.\n\nThanks,\nJiwon",
      "link": "https://www.onyx.app/demo_files/gmail/a38f098164bd44118232384a209742d9/0"
    },
    {
      "text": "Thanks Jiwon.\n\nAny dependencies or backend/API gaps you expect before you can finish this?",
      "link": "https://www.onyx.app/demo_files/gmail/a38f098164bd44118232384a209742d9/1"
    },
    {
      "text": "None expected\u2014assuming GOLD-55 already exposes a query endpoint with the needed filter params and stable pagination. If anything\u2019s missing (e.g., resource filter or export-friendly pagination), I\u2019ll scope a small API addition and flag it the same day.\n\n-Jiwon",
      "link": "https://www.onyx.app/demo_files/gmail/a38f098164bd44118232384a209742d9/2"
    }
  ],
  "primary_owners": [
    {
      "display_name": null,
      "first_name": "Jiwon",
      "middle_initial": null,
      "last_name": "Kang",
      "email": "jiwon_kang@netherite-extraction.onyx.app"
    },
    {
      "display_name": null,
      "first_name": "Javier",
      "middle_initial": null,
      "last_name": "Morales",
      "email": "javier_morales@netherite-extraction.onyx.app"
    }
  ],
  "secondary_owners": []
}