{
  "id": "3985aef6edee4730bebbba2209833081",
  "semantic_identifier": "Ticket 7783857: Persist calibration outcome + surface in scoring responses",
  "title": null,
  "source": "gmail",
  "doc_updated_at": "2025-06-19",
  "metadata": {},
  "doc_metadata": null,
  "sections": [
    {
      "text": "Hi Javier,\n\nI got ticket 7783857 and it\u2019s assigned to me. I\u2019ll update the calibration pipeline to persist the user-selected outcome (activation/retention/expansion) + label rule metadata on the model artifact/version, ensure online/offline scoring reads the right calibrated version, and update fit score/segment endpoints to return that metadata. I\u2019m estimating ~2\u20133 days including a regression test around scoring responses after recalibration.\n\nAndre",
      "link": "https://www.onyx.app/demo_files/gmail/3985aef6edee4730bebbba2209833081/0"
    },
    {
      "text": "Thanks Andre. Quick question: any risk of breaking existing scoring clients with the endpoint changes, or will this be additive?\n\nJavier",
      "link": "https://www.onyx.app/demo_files/gmail/3985aef6edee4730bebbba2209833081/1"
    },
    {
      "text": "Additive\u2014plan is to keep existing fields unchanged and include the calibrated outcome + related metadata as new response fields. I\u2019ll also version/guard the artifact fields so older model versions still deserialize cleanly.\n\nAndre",
      "link": "https://www.onyx.app/demo_files/gmail/3985aef6edee4730bebbba2209833081/2"
    }
  ],
  "primary_owners": [
    {
      "display_name": null,
      "first_name": "Andre",
      "middle_initial": null,
      "last_name": "Robinson",
      "email": "andre_robinson@netherite-extraction.onyx.app"
    },
    {
      "display_name": null,
      "first_name": "Javier",
      "middle_initial": null,
      "last_name": "Morales",
      "email": "javier_morales@netherite-extraction.onyx.app"
    }
  ],
  "secondary_owners": []
}