{
  "id": "2479638da93f4e818c2ea3435099f3b5",
  "semantic_identifier": "Ticket 7745302 \u2014 Auto-generate baseline benchmarks during setup",
  "title": null,
  "source": "gmail",
  "doc_updated_at": "2025-03-29",
  "metadata": {},
  "doc_metadata": null,
  "sections": [
    {
      "text": "Hi Isabella,\n\nI got ticket 7745302 assigned to me. It adds a setup step that pulls the last 6\u201312 months of CRM opportunity history to auto-propose baseline benchmarks (stage duration, conversion rates, win rate, typical deal size by segment where available), shows coverage indicators (sample size/time window), lets admins edit/accept, and persists the final values for forecasting calibration and deal-at-risk alerts.\n\nRough effort: ~1\u20132 weeks depending on CRM data shape/segmentation availability and any UX iterations.\n\nThanks,\nJason",
      "link": "https://www.onyx.app/demo_files/gmail/2479638da93f4e818c2ea3435099f3b5/0"
    },
    {
      "text": "Thanks Jason\u2014sounds good. Do you anticipate any cross-team dependencies or data access concerns that could affect the timeline?",
      "link": "https://www.onyx.app/demo_files/gmail/2479638da93f4e818c2ea3435099f3b5/1"
    },
    {
      "text": "Main dependency is confirming which CRM fields we can reliably use for stage history, segmentation, and closed/won amounts (and how far back we can query without performance issues). If we can reuse the existing CRM ingestion/warehouse tables, timeline stays ~1\u20132 weeks; if we need new pipeline work or backfills, it could add another week.\n\nJason",
      "link": "https://www.onyx.app/demo_files/gmail/2479638da93f4e818c2ea3435099f3b5/2"
    }
  ],
  "primary_owners": [
    {
      "display_name": null,
      "first_name": "Jason",
      "middle_initial": null,
      "last_name": "Morris",
      "email": "jason_morris@netherite-extraction.onyx.app"
    },
    {
      "display_name": null,
      "first_name": "Isabella",
      "middle_initial": null,
      "last_name": "Torres",
      "email": "isabella_torres@netherite-extraction.onyx.app"
    }
  ],
  "secondary_owners": []
}