{
  "id": "8ba42b263b9f476c97c254284cb73d25",
  "semantic_identifier": "Ticket 4807325: Persist positioning_version_id on artifacts and outcome events",
  "title": null,
  "source": "gmail",
  "doc_updated_at": "2026-01-14",
  "metadata": {},
  "doc_metadata": null,
  "sections": [
    {
      "text": "Hi Isabella,\n\nI got ticket 4807325 and it\u2019s assigned to me. I\u2019ll update our customer-facing artifacts (exports/briefs/templates) to persist the active positioning_version_id at generation time, and ensure outcome events (conversion, win/loss, churn) carry the same join key. I\u2019ll keep backfill safe (historical stays null) and add the minimal schema/index changes for querying.\n\nRough effort: ~2\u20133 days including tests and a small migration.\n\nThanks,\nRyan",
      "link": "https://www.onyx.app/demo_files/gmail/8ba42b263b9f476c97c254284cb73d25/0"
    },
    {
      "text": "Thanks Ryan. Any notable rollout risk or migration concerns here (especially around backfill/perf)?",
      "link": "https://www.onyx.app/demo_files/gmail/8ba42b263b9f476c97c254284cb73d25/1"
    },
    {
      "text": "Backfill will be non-destructive (leave existing rows null), so it\u2019s low risk. Migration is an additive nullable column + lightweight index; we can ship behind a flag and only write the new field for newly generated artifacts/events to avoid any perf surprises.\n\nRyan",
      "link": "https://www.onyx.app/demo_files/gmail/8ba42b263b9f476c97c254284cb73d25/2"
    }
  ],
  "primary_owners": [
    {
      "display_name": null,
      "first_name": "Ryan",
      "middle_initial": null,
      "last_name": "Murphy",
      "email": "ryan_murphy@netherite-extraction.onyx.app"
    },
    {
      "display_name": null,
      "first_name": "Isabella",
      "middle_initial": null,
      "last_name": "Torres",
      "email": "isabella_torres@netherite-extraction.onyx.app"
    }
  ],
  "secondary_owners": []
}