{
  "id": "d3b3d502cd85430d8e83f0bb3b218205",
  "semantic_identifier": "Ticket 4288623 \u2014 Prioritize and cite captured customer evidence in positioning generation",
  "title": null,
  "source": "gmail",
  "doc_updated_at": "2025-04-22",
  "metadata": {},
  "doc_metadata": null,
  "sections": [
    {
      "text": "Hi Isabella,\n\nI got ticket 4288623 assigned to me. It covers updating the positioning recommendation generator to retrieve the most relevant customer language/evidence for the target segment and incorporate it into value props/differentiators/objections, with lightweight citations (source type + artifact reference). Also need graceful degradation when evidence is sparse (flag low-evidence recs vs generic claims) and guardrails to avoid uncited assertions when evidence exists.\n\nRough effort: ~3\u20135 days depending on how cleanly we can query/rank evidence records and plumb citations through the output.\n\n\u2014Kevin",
      "link": "https://www.onyx.app/demo_files/gmail/d3b3d502cd85430d8e83f0bb3b218205/0"
    },
    {
      "text": "Thanks, Kevin. Sounds good.\n\nQuick question: do you anticipate needing any schema/index changes on the evidence records to support relevance retrieval, or can we do this with what we have?",
      "link": "https://www.onyx.app/demo_files/gmail/d3b3d502cd85430d8e83f0bb3b218205/1"
    },
    {
      "text": "We can start with what we have using existing segment metadata + embedding similarity and add a simple server-side ranking pass; no schema change required for v1. If we see latency/recall issues, the likely follow-up would be adding an index or storing precomputed segment-level candidate sets, but I don\u2019t think it\u2019s necessary to land this ticket.\n\n\u2014Kevin",
      "link": "https://www.onyx.app/demo_files/gmail/d3b3d502cd85430d8e83f0bb3b218205/2"
    }
  ],
  "primary_owners": [
    {
      "display_name": null,
      "first_name": "Kevin",
      "middle_initial": null,
      "last_name": "Sullivan",
      "email": "kevin_sullivan@netherite-extraction.onyx.app"
    },
    {
      "display_name": null,
      "first_name": "Isabella",
      "middle_initial": null,
      "last_name": "Torres",
      "email": "isabella_torres@netherite-extraction.onyx.app"
    }
  ],
  "secondary_owners": []
}