{
  "id": "ac71253ef68f4da5b2d6c974b58f3543",
  "semantic_identifier": "Ticket 3454799 \u2014 harden Jira/Linear sync failure handling",
  "title": null,
  "source": "gmail",
  "doc_updated_at": "2025-04-09",
  "metadata": {},
  "doc_metadata": null,
  "sections": [
    {
      "text": "Hi Javier,\n\nI got assigned ticket 3454799. I\u2019ll implement retries with exponential backoff for inbound sync failures, add idempotency safeguards, and introduce a dead-letter state for persistent errors (e.g., revoked permissions, deleted issues, rate limits). I\u2019ll also persist per-link error code/message + failure count so the UI can show status without re-triggering failing calls, and ensure link mappings remain intact while successful runs clear error state.\n\nRough estimate: ~3\u20135 engineering days including tests and rollout.\n\n-Tyler",
      "link": "https://www.onyx.app/demo_files/gmail/ac71253ef68f4da5b2d6c974b58f3543/0"
    },
    {
      "text": "Thanks Tyler. Sounds good \u2014 any expected schema changes that might require a migration or coordinated deploy?",
      "link": "https://www.onyx.app/demo_files/gmail/ac71253ef68f4da5b2d6c974b58f3543/1"
    },
    {
      "text": "Yes \u2014 likely a small migration to add per-link sync error fields (error_code, error_message, failure_count, last_failed_at / dead_lettered_at). I\u2019ll keep it backward-compatible and plan a staged deploy (write-first/read-later) to avoid coordination issues.\n\n-Tyler",
      "link": "https://www.onyx.app/demo_files/gmail/ac71253ef68f4da5b2d6c974b58f3543/2"
    }
  ],
  "primary_owners": [
    {
      "display_name": null,
      "first_name": "Tyler",
      "middle_initial": null,
      "last_name": "Jenkins",
      "email": "tyler_jenkins@netherite-extraction.onyx.app"
    },
    {
      "display_name": null,
      "first_name": "Javier",
      "middle_initial": null,
      "last_name": "Morales",
      "email": "javier_morales@netherite-extraction.onyx.app"
    }
  ],
  "secondary_owners": []
}