{
  "id": "1be4299f996f418b9c6b6f4c12c394bb",
  "semantic_identifier": "Ticket 4638745: PII detection + redaction controls",
  "title": null,
  "source": "gmail",
  "doc_updated_at": "2025-10-13",
  "metadata": {},
  "doc_metadata": null,
  "sections": [
    {
      "text": "Hi Javier,\n\nI got ticket 4638745 and it\u2019s assigned to me. I\u2019ll implement workspace-level PII detection/redaction for ingested conversations, evidence snippets, and issue notes, ensuring redaction happens before persistence and before downstream sync (Jira/Linear). I\u2019ll also add admin UI/API controls (allow/deny lists, preview) and the option to store only hashed identifiers for matching/dedup.\n\nRough effort: ~1\u20132 weeks depending on UI preview + sync edge cases.\n\nThanks,\nJiwon",
      "link": "https://www.onyx.app/demo_files/gmail/1be4299f996f418b9c6b6f4c12c394bb/0"
    },
    {
      "text": "Thanks, Jiwon. Any major risks or dependencies we should account for, especially around preserving referential integrity and the Jira/Linear sync?",
      "link": "https://www.onyx.app/demo_files/gmail/1be4299f996f418b9c6b6f4c12c394bb/1"
    },
    {
      "text": "Main risks are (1) defining what \u201creferential integrity where allowed\u201d means per source and ensuring we don\u2019t break linking when content is redacted, and (2) confirming where the sync payloads are generated so we can guarantee redaction occurs upstream of both storage and sync.\n\nDependencies: alignment with PM/security on the PII patterns + allow/deny list semantics, and a quick review of the Jira/Linear integration code paths to identify all egress points.\n\nJiwon",
      "link": "https://www.onyx.app/demo_files/gmail/1be4299f996f418b9c6b6f4c12c394bb/2"
    }
  ],
  "primary_owners": [
    {
      "display_name": null,
      "first_name": "Jiwon",
      "middle_initial": null,
      "last_name": "Kang",
      "email": "jiwon_kang@netherite-extraction.onyx.app"
    },
    {
      "display_name": null,
      "first_name": "Javier",
      "middle_initial": null,
      "last_name": "Morales",
      "email": "javier_morales@netherite-extraction.onyx.app"
    }
  ],
  "secondary_owners": []
}