{
  "id": "44b6383b857a46e09b8fbf9978ce21e7",
  "semantic_identifier": "Ticket 6259160: Surface bypass-rate metrics in manager dashboard",
  "title": null,
  "source": "gmail",
  "doc_updated_at": "2026-01-07",
  "metadata": {},
  "doc_metadata": null,
  "sections": [
    {
      "text": "Hi Isabella,\n\nI got ticket 6259160 and I\u2019m assigned to it. It\u2019s adding a lightweight \u201cBypass rate\u201d panel to the Sales Accelerator manager/sales ops dashboard using existing warehouse bypass event data, segmented by workflow and team, with a last 7/30 day date filter.\n\nRough estimate: ~2\u20133 days dev + a bit of time for validation with analytics.\n\nThanks,\nJason",
      "link": "https://www.onyx.app/demo_files/gmail/44b6383b857a46e09b8fbf9978ce21e7/0"
    },
    {
      "text": "Thanks Jason. Any dependencies or data quality risks we should plan around?",
      "link": "https://www.onyx.app/demo_files/gmail/44b6383b857a46e09b8fbf9978ce21e7/1"
    },
    {
      "text": "Main dependency is confirming the existing warehouse tables/definitions for \u201cbypass\u201d and workflow/team mapping are stable and already available to the dashboard query layer. Risk is mostly around inconsistent team attribution over time; I\u2019ll validate counts against a couple known teams and flag any gaps before we ship.\n\n-Jason",
      "link": "https://www.onyx.app/demo_files/gmail/44b6383b857a46e09b8fbf9978ce21e7/2"
    },
    {
      "text": "Sounds good\u2014keep me posted if you hit any issues with the mappings.",
      "link": "https://www.onyx.app/demo_files/gmail/44b6383b857a46e09b8fbf9978ce21e7/3"
    }
  ],
  "primary_owners": [
    {
      "display_name": null,
      "first_name": "Jason",
      "middle_initial": null,
      "last_name": "Morris",
      "email": "jason_morris@netherite-extraction.onyx.app"
    },
    {
      "display_name": null,
      "first_name": "Isabella",
      "middle_initial": null,
      "last_name": "Torres",
      "email": "isabella_torres@netherite-extraction.onyx.app"
    }
  ],
  "secondary_owners": []
}